"Title_fr","Subtitle_fr","CodeFlag","Value","MeaningParameterDescription_fr","Note_fr","noteIDs","UnitComments_fr","Status"
"Tabla de cifrado 4.2 — Número de parámetros por campo de especialización y categoría de parámetros","Domaine de spécialisation 0 – Produits météorologiques, Catégorie de paramètres 4: rayonnement de courte longueur d'onde","0","","Bilan du rayonnement de courte longueur d'onde (surface)*","","","W m-2","Operational"
"Tabla de cifrado 4.2 — Número de parámetros por campo de especialización y categoría de parámetros","Domaine de spécialisation 0 – Produits météorologiques, Catégorie de paramètres 4: rayonnement de courte longueur d'onde","1","","Bilan du rayonnement de courte longueur d'onde (sommet de l'atmosphère)*","","","W m-2","Operational"
"Tabla de cifrado 4.2 — Número de parámetros por campo de especialización y categoría de parámetros","Domaine de spécialisation 0 – Produits météorologiques, Catégorie de paramètres 4: rayonnement de courte longueur d'onde","2","","Rayonnement de courte longueur d'onde*","","","W m-2","Operational"
"Tabla de cifrado 4.2 — Número de parámetros por campo de especialización y categoría de parámetros","Domaine de spécialisation 0 – Produits météorologiques, Catégorie de paramètres 4: rayonnement de courte longueur d'onde","3","","Rayonnement global","","","W m-2","Operational"
"Tabla de cifrado 4.2 — Número de parámetros por campo de especialización y categoría de parámetros","Domaine de spécialisation 0 – Produits météorologiques, Catégorie de paramètres 4: rayonnement de courte longueur d'onde","4","","Température de luminance","","","K","Operational"
"Tabla de cifrado 4.2 — Número de parámetros por campo de especialización y categoría de parámetros","Domaine de spécialisation 0 – Produits météorologiques, Catégorie de paramètres 4: rayonnement de courte longueur d'onde","5","","Luminance énergétique (en fonction du nombre d'ondes)","","","W m-1 sr-1","Operational"
"Tabla de cifrado 4.2 — Número de parámetros por campo de especialización y categoría de parámetros","Domaine de spécialisation 0 – Produits météorologiques, Catégorie de paramètres 4: rayonnement de courte longueur d'onde","6","","Luminance énergétique (en fonction de la longueur d'onde)","","","W m-3 sr-1","Operational"
"Tabla de cifrado 4.2 — Número de parámetros por campo de especialización y categoría de parámetros","Domaine de spécialisation 0 – Produits météorologiques, Catégorie de paramètres 4: rayonnement de courte longueur d'onde","7","","Flux du rayonnement descendant de courte longueur d'onde","","","W m-2","Operational"
"Tabla de cifrado 4.2 — Número de parámetros por campo de especialización y categoría de parámetros","Domaine de spécialisation 0 – Produits météorologiques, Catégorie de paramètres 4: rayonnement de courte longueur d'onde","8","","Flux du rayonnement ascendant de courte longueur d'onde","","","W m-2","Operational"
"Tabla de cifrado 4.2 — Número de parámetros por campo de especialización y categoría de parámetros","Domaine de spécialisation 0 – Produits météorologiques, Catégorie de paramètres 4: rayonnement de courte longueur d'onde","9","","Bilan du rayonnement de courte longueur d'onde","","","W m-2","Operational"
"Tabla de cifrado 4.2 — Número de parámetros por campo de especialización y categoría de parámetros","Domaine de spécialisation 0 – Produits météorologiques, Catégorie de paramètres 4: rayonnement de courte longueur d'onde","10","","Rayonnement photosynthétiquement actif","","","W m-2","Operational"
"Tabla de cifrado 4.2 — Número de parámetros por campo de especialización y categoría de parámetros","Domaine de spécialisation 0 – Produits météorologiques, Catégorie de paramètres 4: rayonnement de courte longueur d'onde","11","","Bilan du rayonnement de courte longueur d'onde par ciel clair","","","W m-2","Operational"
"Tabla de cifrado 4.2 — Número de parámetros por campo de especialización y categoría de parámetros","Domaine de spécialisation 0 – Produits météorologiques, Catégorie de paramètres 4: rayonnement de courte longueur d'onde","12","","Rayonnement ultraviolet descendant","","","W m-2","Operational"
"Tabla de cifrado 4.2 — Número de parámetros por campo de especialización y categoría de parámetros","Domaine de spécialisation 0 – Produits météorologiques, Catégorie de paramètres 4: rayonnement de courte longueur d'onde","13","","Rayonnement direct de courte longueur d'onde","","","W m-2","Operational"
"Tabla de cifrado 4.2 — Número de parámetros por campo de especialización y categoría de parámetros","Domaine de spécialisation 0 – Produits météorologiques, Catégorie de paramètres 4: rayonnement de courte longueur d'onde","14","","Rayonnement diffus de courte longueur d'onde","","","W m-2","Operational"
"Tabla de cifrado 4.2 — Número de parámetros por campo de especialización y categoría de parámetros","Domaine de spécialisation 0 – Produits météorologiques, Catégorie de paramètres 4: rayonnement de courte longueur d'onde","15-49","","En réserve","","","","Operational"
"Tabla de cifrado 4.2 — Número de parámetros por campo de especialización y categoría de parámetros","Domaine de spécialisation 0 – Produits météorologiques, Catégorie de paramètres 4: rayonnement de courte longueur d'onde","50","","Indice UV** (ciel dégagé)","","","Numérique","Operational"
"Tabla de cifrado 4.2 — Número de parámetros por campo de especialización y categoría de parámetros","Domaine de spécialisation 0 – Produits météorologiques, Catégorie de paramètres 4: rayonnement de courte longueur d'onde","51","","Indice UV**","","","Numérique","Operational"
"Tabla de cifrado 4.2 — Número de parámetros por campo de especialización y categoría de parámetros","Domaine de spécialisation 0 – Produits météorologiques, Catégorie de paramètres 4: rayonnement de courte longueur d'onde","52","","Flux du rayonnement descendant de courte longueur d'onde par ciel clair","","","W m-2","Operational"
"Tabla de cifrado 4.2 — Número de parámetros por campo de especialización y categoría de parámetros","Domaine de spécialisation 0 – Produits météorologiques, Catégorie de paramètres 4: rayonnement de courte longueur d'onde","53","","Flux du rayonnement ascendant de courte longueur d'onde par ciel clair","","","W m-2","Operational"
"Tabla de cifrado 4.2 — Número de parámetros por campo de especialización y categoría de parámetros","Domaine de spécialisation 0 – Produits météorologiques, Catégorie de paramètres 4: rayonnement de courte longueur d'onde","54-191","","En réserve","","","","Operational"
"Tabla de cifrado 4.2 — Número de parámetros por campo de especialización y categoría de parámetros","Domaine de spécialisation 0 – Produits météorologiques, Catégorie de paramètres 4: rayonnement de courte longueur d'onde","192-254","","En réserve pour un usage local","","","","Operational"
"Tabla de cifrado 4.2 — Número de parámetros por campo de especialización y categoría de parámetros","Domaine de spécialisation 0 – Produits météorologiques, Catégorie de paramètres 4: rayonnement de courte longueur d'onde","255","","Valeur manquante","","","","Operational"
