"Title_fr","Subtitle_fr","CodeFlag","Value","MeaningParameterDescription_fr","Note_fr","noteIDs","UnitComments_fr","Status"
"Tabla de cifrado 4.2 — Número de parámetros por campo de especialización y categoría de parámetros","Domaine de spécialisation 0 – Produits météorologiques, Catégorie de paramètres 3: masse","0","","Pression","","","Pa","Operational"
"Tabla de cifrado 4.2 — Número de parámetros por campo de especialización y categoría de parámetros","Domaine de spécialisation 0 – Produits météorologiques, Catégorie de paramètres 3: masse","1","","Pression réduite au niveau moyen de la mer","","","Pa","Operational"
"Tabla de cifrado 4.2 — Número de parámetros por campo de especialización y categoría de parámetros","Domaine de spécialisation 0 – Produits météorologiques, Catégorie de paramètres 3: masse","2","","Tendance barométrique","","","Pa s-1","Operational"
"Tabla de cifrado 4.2 — Número de parámetros por campo de especialización y categoría de parámetros","Domaine de spécialisation 0 – Produits météorologiques, Catégorie de paramètres 3: masse","3","","Altitude de référence en atmosphère type (OACI)","","","m","Operational"
"Tabla de cifrado 4.2 — Número de parámetros por campo de especialización y categoría de parámetros","Domaine de spécialisation 0 – Produits météorologiques, Catégorie de paramètres 3: masse","4","","Géopotentiel","","","m² s-2","Operational"
"Tabla de cifrado 4.2 — Número de parámetros por campo de especialización y categoría de parámetros","Domaine de spécialisation 0 – Produits météorologiques, Catégorie de paramètres 3: masse","5","","Hauteur géopotentielle","","","gpm","Operational"
"Tabla de cifrado 4.2 — Número de parámetros por campo de especialización y categoría de parámetros","Domaine de spécialisation 0 – Produits météorologiques, Catégorie de paramètres 3: masse","6","","Altitude","","","m","Operational"
"Tabla de cifrado 4.2 — Número de parámetros por campo de especialización y categoría de parámetros","Domaine de spécialisation 0 – Produits météorologiques, Catégorie de paramètres 3: masse","7","","Écart type de l'altitude","","","m","Operational"
"Tabla de cifrado 4.2 — Número de parámetros por campo de especialización y categoría de parámetros","Domaine de spécialisation 0 – Produits météorologiques, Catégorie de paramètres 3: masse","8","","Anomalie de pression","","","Pa","Operational"
"Tabla de cifrado 4.2 — Número de parámetros por campo de especialización y categoría de parámetros","Domaine de spécialisation 0 – Produits météorologiques, Catégorie de paramètres 3: masse","9","","Anomalie de hauteur géopotentielle","","","gpm","Operational"
"Tabla de cifrado 4.2 — Número de parámetros por campo de especialización y categoría de parámetros","Domaine de spécialisation 0 – Produits météorologiques, Catégorie de paramètres 3: masse","10","","Masse volumique","","","kg m-3","Operational"
"Tabla de cifrado 4.2 — Número de parámetros por campo de especialización y categoría de parámetros","Domaine de spécialisation 0 – Produits météorologiques, Catégorie de paramètres 3: masse","11","","Calage de l'altimètre","","","Pa","Operational"
"Tabla de cifrado 4.2 — Número de parámetros por campo de especialización y categoría de parámetros","Domaine de spécialisation 0 – Produits météorologiques, Catégorie de paramètres 3: masse","12","","Épaisseur","","","m","Operational"
"Tabla de cifrado 4.2 — Número de parámetros por campo de especialización y categoría de parámetros","Domaine de spécialisation 0 – Produits météorologiques, Catégorie de paramètres 3: masse","13","","Altitude barométrique","","","m","Operational"
"Tabla de cifrado 4.2 — Número de parámetros por campo de especialización y categoría de parámetros","Domaine de spécialisation 0 – Produits météorologiques, Catégorie de paramètres 3: masse","14","","Altitude densimétrique","","","m","Operational"
"Tabla de cifrado 4.2 — Número de parámetros por campo de especialización y categoría de parámetros","Domaine de spécialisation 0 – Produits météorologiques, Catégorie de paramètres 3: masse","15","","Altitude géopotentielle – onde numéro 5","","","gpm","Operational"
"Tabla de cifrado 4.2 — Número de parámetros por campo de especialización y categoría de parámetros","Domaine de spécialisation 0 – Produits météorologiques, Catégorie de paramètres 3: masse","16","","Flux zonal de la résistance due aux ondes de gravité","","","N m-2","Operational"
"Tabla de cifrado 4.2 — Número de parámetros por campo de especialización y categoría de parámetros","Domaine de spécialisation 0 – Produits météorologiques, Catégorie de paramètres 3: masse","17","","Flux méridional de la résistance due aux ondes de gravité","","","N m-2","Operational"
"Tabla de cifrado 4.2 — Número de parámetros por campo de especialización y categoría de parámetros","Domaine de spécialisation 0 – Produits météorologiques, Catégorie de paramètres 3: masse","18","","Altitude de la couche limite planétaire","","","m","Operational"
"Tabla de cifrado 4.2 — Número de parámetros por campo de especialización y categoría de parámetros","Domaine de spécialisation 0 – Produits météorologiques, Catégorie de paramètres 3: masse","19","","Anomalie de l'altitude géopotentielle – onde numéro 5","","","gpm","Operational"
"Tabla de cifrado 4.2 — Número de parámetros por campo de especialización y categoría de parámetros","Domaine de spécialisation 0 – Produits météorologiques, Catégorie de paramètres 3: masse","20","","Écart type de l'effet orographique d'échelle inférieure à celle de la grille","","","m","Operational"
"Tabla de cifrado 4.2 — Número de parámetros por campo de especialización y categoría de parámetros","Domaine de spécialisation 0 – Produits météorologiques, Catégorie de paramètres 3: masse","21","","Angle de l'effet orographique d'échelle inférieure à celle de la grille","","","Rad","Operational"
"Tabla de cifrado 4.2 — Número de parámetros por campo de especialización y categoría de parámetros","Domaine de spécialisation 0 – Produits météorologiques, Catégorie de paramètres 3: masse","22","","Pente de l'effet orographique d'échelle inférieure à celle de la grille","","","Numérique","Operational"
"Tabla de cifrado 4.2 — Número de parámetros por campo de especialización y categoría de parámetros","Domaine de spécialisation 0 – Produits météorologiques, Catégorie de paramètres 3: masse","23","","Dissipation des ondes de gravité","","","W m-2","Operational"
"Tabla de cifrado 4.2 — Número de parámetros por campo de especialización y categoría de parámetros","Domaine de spécialisation 0 – Produits météorologiques, Catégorie de paramètres 3: masse","24","","Anisotropie de l'effet orographique d'échelle inférieure à celle de la grille","","","Numérique","Operational"
"Tabla de cifrado 4.2 — Número de parámetros por campo de especialización y categoría de parámetros","Domaine de spécialisation 0 – Produits météorologiques, Catégorie de paramètres 3: masse","25","","Logarithme népérien de la pression en Pa","","","Numérique","Operational"
"Tabla de cifrado 4.2 — Número de parámetros por campo de especialización y categoría de parámetros","Domaine de spécialisation 0 – Produits météorologiques, Catégorie de paramètres 3: masse","26","","Pression d'Exner","","","Numérique","Operational"
"Tabla de cifrado 4.2 — Número de parámetros por campo de especialización y categoría de parámetros","Domaine de spécialisation 0 – Produits météorologiques, Catégorie de paramètres 3: masse","27","","Flux de masse en courant ascendant","","","kg m-2 s-1","Operational"
"Tabla de cifrado 4.2 — Número de parámetros por campo de especialización y categoría de parámetros","Domaine de spécialisation 0 – Produits météorologiques, Catégorie de paramètres 3: masse","28","","Flux de masse en courant descendant","","","kg m-2 s-1","Operational"
"Tabla de cifrado 4.2 — Número de parámetros por campo de especialización y categoría de parámetros","Domaine de spécialisation 0 – Produits météorologiques, Catégorie de paramètres 3: masse","29","","Taux de détraînement en courant ascendant","","","kg m-3 s-1","Operational"
"Tabla de cifrado 4.2 — Número de parámetros por campo de especialización y categoría de parámetros","Domaine de spécialisation 0 – Produits météorologiques, Catégorie de paramètres 3: masse","30","","Taux de détraînement en courant descendant","","","kg m-3 s-1","Operational"
"Tabla de cifrado 4.2 — Número de parámetros por campo de especialización y categoría de parámetros","Domaine de spécialisation 0 – Produits météorologiques, Catégorie de paramètres 3: masse","31","","Composante instable du logarithme de la pression en surface","","","–","Operational"
"Tabla de cifrado 4.2 — Número de parámetros por campo de especialización y categoría de parámetros","Domaine de spécialisation 0 – Produits météorologiques, Catégorie de paramètres 3: masse","32-191","","En réserve","","","","Operational"
"Tabla de cifrado 4.2 — Número de parámetros por campo de especialización y categoría de parámetros","Domaine de spécialisation 0 – Produits météorologiques, Catégorie de paramètres 3: masse","192-254","","En réserve pour un usage local","","","","Operational"
"Tabla de cifrado 4.2 — Número de parámetros por campo de especialización y categoría de parámetros","Domaine de spécialisation 0 – Produits météorologiques, Catégorie de paramètres 3: masse","255","","Valeur manquante","","","","Operational"
