"Title_fr","Subtitle_fr","CodeFlag","Value","MeaningParameterDescription_fr","Note_fr","noteIDs","UnitComments_fr","Status"
"Tabla de cifrado 4.2 — Número de parámetros por campo de especialización y categoría de parámetros","Domaine de spécialisation 0 – Produits météorologiques, Catégorie de paramètres 191: divers","0","","Nombre de secondes avant l'heure de référence initiale (définie à la section 1)","","","s","Operational"
"Tabla de cifrado 4.2 — Número de parámetros por campo de especialización y categoría de parámetros","Domaine de spécialisation 0 – Produits météorologiques, Catégorie de paramètres 191: divers","1","","Latitude géographique","","","°N","Operational"
"Tabla de cifrado 4.2 — Número de parámetros por campo de especialización y categoría de parámetros","Domaine de spécialisation 0 – Produits météorologiques, Catégorie de paramètres 191: divers","2","","Longitude géographique","","","°E","Operational"
"Tabla de cifrado 4.2 — Número de parámetros por campo de especialización y categoría de parámetros","Domaine de spécialisation 0 – Produits météorologiques, Catégorie de paramètres 191: divers","3","","Nombre de jours depuis la dernière observation","","","d","Operational"
"Tabla de cifrado 4.2 — Número de parámetros por campo de especialización y categoría de parámetros","Domaine de spécialisation 0 – Produits météorologiques, Catégorie de paramètres 191: divers","4-191","","En réserve","","","","Operational"
"Tabla de cifrado 4.2 — Número de parámetros por campo de especialización y categoría de parámetros","Domaine de spécialisation 0 – Produits météorologiques, Catégorie de paramètres 191: divers","192-254","","En réserve pour un usage local","","","","Operational"
"Tabla de cifrado 4.2 — Número de parámetros por campo de especialización y categoría de parámetros","Domaine de spécialisation 0 – Produits météorologiques, Catégorie de paramètres 191: divers","255","","Valeur manquante","","","","Operational"
