"Title_fr","Subtitle_fr","CodeFlag","Value","MeaningParameterDescription_fr","Note_fr","noteIDs","UnitComments_fr","Status"
"Tabla de cifrado 4.2 — Número de parámetros por campo de especialización y categoría de parámetros","Domaine de spécialisation 0 – Produits météorologiques, Catégorie de paramètres 14: gaz à l'état de trace","0","","Ozone total","","","Dobson","Operational"
"Tabla de cifrado 4.2 — Número de parámetros por campo de especialización y categoría de parámetros","Domaine de spécialisation 0 – Produits météorologiques, Catégorie de paramètres 14: gaz à l'état de trace","1","","Rapport de mélange de l'ozone","","","kg kg-1","Operational"
"Tabla de cifrado 4.2 — Número de parámetros por campo de especialización y categoría de parámetros","Domaine de spécialisation 0 – Produits météorologiques, Catégorie de paramètres 14: gaz à l'état de trace","2","","Colonne intégrée totale d'ozone","","","Dobson","Operational"
"Tabla de cifrado 4.2 — Número de parámetros por campo de especialización y categoría de parámetros","Domaine de spécialisation 0 – Produits météorologiques, Catégorie de paramètres 14: gaz à l'état de trace","3-191","","En réserve","","","","Operational"
"Tabla de cifrado 4.2 — Número de parámetros por campo de especialización y categoría de parámetros","Domaine de spécialisation 0 – Produits météorologiques, Catégorie de paramètres 14: gaz à l'état de trace","192-254","","En réserve pour un usage local","","","","Operational"
"Tabla de cifrado 4.2 — Número de parámetros por campo de especialización y categoría de parámetros","Domaine de spécialisation 0 – Produits météorologiques, Catégorie de paramètres 14: gaz à l'état de trace","255","","Valeur manquante","","","","Operational"
