"Title_fr","Subtitle_fr","CodeFlag","Value","MeaningParameterDescription_fr","Note_fr","noteIDs","UnitComments_fr","Status"
"Tabla de cifrado 4.2 — Número de parámetros por campo de especialización y categoría de parámetros","Domaine de spécialisation 0 – Produits météorologiques, Catégorie de paramètres 13: aérosols","0","","Type d'aérosol","","","(Table de code 4.205)","Operational"
"Tabla de cifrado 4.2 — Número de parámetros por campo de especialización y categoría de parámetros","Domaine de spécialisation 0 – Produits météorologiques, Catégorie de paramètres 13: aérosols","1-191","","En réserve","","","","Operational"
"Tabla de cifrado 4.2 — Número de parámetros por campo de especialización y categoría de parámetros","Domaine de spécialisation 0 – Produits météorologiques, Catégorie de paramètres 13: aérosols","192-254","","En réserve pour un usage local","","","","Operational"
"Tabla de cifrado 4.2 — Número de parámetros por campo de especialización y categoría de parámetros","Domaine de spécialisation 0 – Produits météorologiques, Catégorie de paramètres 13: aérosols","255","","Valeur manquante","","","","Operational"
