"Title_fr","Subtitle_fr","CodeFlag","Value","MeaningParameterDescription_fr","Note_fr","noteIDs","UnitComments_fr","Status"
"Tabla de cifrado 4.2 — Número de parámetros por campo de especialización y categoría de parámetros","Domaine de spécialisation 0 – Produits météorologiques, Catégorie de paramètres 19: propriétés physiques de l'atmosphère","0","","Visibilité","","","m","Operational"
"Tabla de cifrado 4.2 — Número de parámetros por campo de especialización y categoría de parámetros","Domaine de spécialisation 0 – Produits météorologiques, Catégorie de paramètres 19: propriétés physiques de l'atmosphère","1","","Albédo","","","%","Operational"
"Tabla de cifrado 4.2 — Número de parámetros por campo de especialización y categoría de parámetros","Domaine de spécialisation 0 – Produits météorologiques, Catégorie de paramètres 19: propriétés physiques de l'atmosphère","2","","Probabilité d'orages","","","%","Operational"
"Tabla de cifrado 4.2 — Número de parámetros por campo de especialización y categoría de parámetros","Domaine de spécialisation 0 – Produits météorologiques, Catégorie de paramètres 19: propriétés physiques de l'atmosphère","3","","Épaisseur de la couche de mélange","","","m","Operational"
"Tabla de cifrado 4.2 — Número de parámetros por campo de especialización y categoría de parámetros","Domaine de spécialisation 0 – Produits météorologiques, Catégorie de paramètres 19: propriétés physiques de l'atmosphère","4","","Cendres volcaniques","","","(Table de code 4.206)","Operational"
"Tabla de cifrado 4.2 — Número de parámetros por campo de especialización y categoría de parámetros","Domaine de spécialisation 0 – Produits météorologiques, Catégorie de paramètres 19: propriétés physiques de l'atmosphère","5","","Sommet du givrage","","","m","Operational"
"Tabla de cifrado 4.2 — Número de parámetros por campo de especialización y categoría de parámetros","Domaine de spécialisation 0 – Produits météorologiques, Catégorie de paramètres 19: propriétés physiques de l'atmosphère","6","","Base du givrage","","","m","Operational"
"Tabla de cifrado 4.2 — Número de parámetros por campo de especialización y categoría de parámetros","Domaine de spécialisation 0 – Produits météorologiques, Catégorie de paramètres 19: propriétés physiques de l'atmosphère","7","","Givrage","","","(Table de code 4.207)","Operational"
"Tabla de cifrado 4.2 — Número de parámetros por campo de especialización y categoría de parámetros","Domaine de spécialisation 0 – Produits météorologiques, Catégorie de paramètres 19: propriétés physiques de l'atmosphère","8","","Sommet de la turbulence","","","m","Operational"
"Tabla de cifrado 4.2 — Número de parámetros por campo de especialización y categoría de parámetros","Domaine de spécialisation 0 – Produits météorologiques, Catégorie de paramètres 19: propriétés physiques de l'atmosphère","9","","Base de la turbulence","","","m","Operational"
"Tabla de cifrado 4.2 — Número de parámetros por campo de especialización y categoría de parámetros","Domaine de spécialisation 0 – Produits météorologiques, Catégorie de paramètres 19: propriétés physiques de l'atmosphère","10","","Turbulence","","","(Table de code 4.208)","Operational"
"Tabla de cifrado 4.2 — Número de parámetros por campo de especialización y categoría de parámetros","Domaine de spécialisation 0 – Produits météorologiques, Catégorie de paramètres 19: propriétés physiques de l'atmosphère","11","","Énergie cinétique de turbulence","","","J kg-1","Operational"
"Tabla de cifrado 4.2 — Número de parámetros por campo de especialización y categoría de parámetros","Domaine de spécialisation 0 – Produits météorologiques, Catégorie de paramètres 19: propriétés physiques de l'atmosphère","12","","Régime de la couche limite planétaire","","","(Table de code 4.209)","Operational"
"Tabla de cifrado 4.2 — Número de parámetros por campo de especialización y categoría de parámetros","Domaine de spécialisation 0 – Produits météorologiques, Catégorie de paramètres 19: propriétés physiques de l'atmosphère","13","","Intensité de la traînée de condensation","","","(Table de code 4.210)","Operational"
"Tabla de cifrado 4.2 — Número de parámetros por campo de especialización y categoría de parámetros","Domaine de spécialisation 0 – Produits météorologiques, Catégorie de paramètres 19: propriétés physiques de l'atmosphère","14","","Traînée de condensation selon le réacteur","","","(Table de code 4.211)","Operational"
"Tabla de cifrado 4.2 — Número de parámetros por campo de especialización y categoría de parámetros","Domaine de spécialisation 0 – Produits météorologiques, Catégorie de paramètres 19: propriétés physiques de l'atmosphère","15","","Sommet de la traînée de condensation","","","m","Operational"
"Tabla de cifrado 4.2 — Número de parámetros por campo de especialización y categoría de parámetros","Domaine de spécialisation 0 – Produits météorologiques, Catégorie de paramètres 19: propriétés physiques de l'atmosphère","16","","Base de la traînée de condensation","","","m","Operational"
"Tabla de cifrado 4.2 — Número de parámetros por campo de especialización y categoría de parámetros","Domaine de spécialisation 0 – Produits météorologiques, Catégorie de paramètres 19: propriétés physiques de l'atmosphère","17","","Albédo maximal de la neige","(voir la note 1)","","%","Operational"
"Tabla de cifrado 4.2 — Número de parámetros por campo de especialización y categoría de parámetros","Domaine de spécialisation 0 – Produits météorologiques, Catégorie de paramètres 19: propriétés physiques de l'atmosphère","18","","Albédo – surface sans neige","","","%","Operational"
"Tabla de cifrado 4.2 — Número de parámetros por campo de especialización y categoría de parámetros","Domaine de spécialisation 0 – Produits météorologiques, Catégorie de paramètres 19: propriétés physiques de l'atmosphère","19","","Albédo de la neige","","","%","Operational"
"Tabla de cifrado 4.2 — Número de parámetros por campo de especialización y categoría de parámetros","Domaine de spécialisation 0 – Produits météorologiques, Catégorie de paramètres 19: propriétés physiques de l'atmosphère","20","","Givrage","","","%","Operational"
"Tabla de cifrado 4.2 — Número de parámetros por campo de especialización y categoría de parámetros","Domaine de spécialisation 0 – Produits météorologiques, Catégorie de paramètres 19: propriétés physiques de l'atmosphère","21","","Turbulence dans les nuages","","","%","Operational"
"Tabla de cifrado 4.2 — Número de parámetros por campo de especialización y categoría de parámetros","Domaine de spécialisation 0 – Produits météorologiques, Catégorie de paramètres 19: propriétés physiques de l'atmosphère","22","","Turbulence en ciel clair","","","%","Operational"
"Tabla de cifrado 4.2 — Número de parámetros por campo de especialización y categoría de parámetros","Domaine de spécialisation 0 – Produits météorologiques, Catégorie de paramètres 19: propriétés physiques de l'atmosphère","23","","Probabilité de grosses gouttes d'eau surfondues","(voir la note 2)","","%","Operational"
"Tabla de cifrado 4.2 — Número de parámetros por campo de especialización y categoría de parámetros","Domaine de spécialisation 0 – Produits météorologiques, Catégorie de paramètres 19: propriétés physiques de l'atmosphère","24","","Énergie cinétique turbulente de convection","","","J kg-1","Operational"
"Tabla de cifrado 4.2 — Número de parámetros por campo de especialización y categoría de parámetros","Domaine de spécialisation 0 – Produits météorologiques, Catégorie de paramètres 19: propriétés physiques de l'atmosphère","25","","Conditions météorologiques","","","(Table de code 4.225)","Operational"
"Tabla de cifrado 4.2 — Número de parámetros por campo de especialización y categoría de parámetros","Domaine de spécialisation 0 – Produits météorologiques, Catégorie de paramètres 19: propriétés physiques de l'atmosphère","26","","Perspective de convection","","","(Table de code 4.224)","Operational"
"Tabla de cifrado 4.2 — Número de parámetros por campo de especialización y categoría de parámetros","Domaine de spécialisation 0 – Produits météorologiques, Catégorie de paramètres 19: propriétés physiques de l'atmosphère","27","","Scénario de givrage","","","(Table de code 4.227)","Operational"
"Tabla de cifrado 4.2 — Número de parámetros por campo de especialización y categoría de parámetros","Domaine de spécialisation 0 – Produits météorologiques, Catégorie de paramètres 19: propriétés physiques de l'atmosphère","28","","Turbulence orographique (taux de dissipation des tourbillons)","","","m2/3 s-1","Operational"
"Tabla de cifrado 4.2 — Número de parámetros por campo de especialización y categoría de parámetros","Domaine de spécialisation 0 – Produits météorologiques, Catégorie de paramètres 19: propriétés physiques de l'atmosphère","29","","Turbulence en air clair","","","m2/3 s-1","Operational"
"Tabla de cifrado 4.2 — Número de parámetros por campo de especialización y categoría de parámetros","Domaine de spécialisation 0 – Produits météorologiques, Catégorie de paramètres 19: propriétés physiques de l'atmosphère","30","","Paramètre de dissipation des tourbillons","(voir la note 3)","","m2/3 s-1","Operational"
"Tabla de cifrado 4.2 — Número de parámetros por campo de especialización y categoría de parámetros","Domaine de spécialisation 0 – Produits météorologiques, Catégorie de paramètres 19: propriétés physiques de l'atmosphère","31","","Maximum du paramètre de dissipation des tourbillons par couche","","","m2/3 s-1","Operational"
"Tabla de cifrado 4.2 — Número de parámetros por campo de especialización y categoría de parámetros","Domaine de spécialisation 0 – Produits météorologiques, Catégorie de paramètres 19: propriétés physiques de l'atmosphère","32","","Isotherme 0 °C le plus élevé","","","m","Operational"
"Tabla de cifrado 4.2 — Número de parámetros por campo de especialización y categoría de parámetros","Domaine de spécialisation 0 – Produits météorologiques, Catégorie de paramètres 19: propriétés physiques de l'atmosphère","33","","Visibilité à travers un brouillard liquide","","","m","Operational"
"Tabla de cifrado 4.2 — Número de parámetros por campo de especialización y categoría de parámetros","Domaine de spécialisation 0 – Produits météorologiques, Catégorie de paramètres 19: propriétés physiques de l'atmosphère","34","","Visibilité à travers un brouillard glacé","","","m","Operational"
"Tabla de cifrado 4.2 — Número de parámetros por campo de especialización y categoría de parámetros","Domaine de spécialisation 0 – Produits météorologiques, Catégorie de paramètres 19: propriétés physiques de l'atmosphère","35","","Visibilité à travers une chasse-neige élevée","","","m","Operational"
"Tabla de cifrado 4.2 — Número de parámetros por campo de especialización y categoría de parámetros","Domaine de spécialisation 0 – Produits météorologiques, Catégorie de paramètres 19: propriétés physiques de l'atmosphère","36","","Présence de bourrasques de neige","","","Table de code 4.222","Operational"
"Tabla de cifrado 4.2 — Número de parámetros por campo de especialización y categoría de parámetros","Domaine de spécialisation 0 – Produits météorologiques, Catégorie de paramètres 19: propriétés physiques de l'atmosphère","37-191","","En réserve","","","","Operational"
"Tabla de cifrado 4.2 — Número de parámetros por campo de especialización y categoría de parámetros","Domaine de spécialisation 0 – Produits météorologiques, Catégorie de paramètres 19: propriétés physiques de l'atmosphère","192-254","","En réserve pour un usage local","","","","Operational"
"Tabla de cifrado 4.2 — Número de parámetros por campo de especialización y categoría de parámetros","Domaine de spécialisation 0 – Produits météorologiques, Catégorie de paramètres 19: propriétés physiques de l'atmosphère","255","","Valeur manquante","","","","Operational"
