"Title_fr","Subtitle_fr","CodeFlag","Value","MeaningParameterDescription_fr","Note_fr","noteIDs","UnitComments_fr","Status"
"Tabla de cifrado 4.2 — Número de parámetros por campo de especialización y categoría de parámetros","Domaine de spécialisation 10 — Produits océanographiques, Catégorie de paramètres 3: propriétés en surface","0","","Température de l'eau","","","K","Operational"
"Tabla de cifrado 4.2 — Número de parámetros por campo de especialización y categoría de parámetros","Domaine de spécialisation 10 — Produits océanographiques, Catégorie de paramètres 3: propriétés en surface","1","","Écart par rapport au niveau moyen de la mer","","","m","Operational"
"Tabla de cifrado 4.2 — Número de parámetros por campo de especialización y categoría de parámetros","Domaine de spécialisation 10 — Produits océanographiques, Catégorie de paramètres 3: propriétés en surface","2","","Coefficient d'échange de chaleur","","","–","Operational"
"Tabla de cifrado 4.2 — Número de parámetros por campo de especialización y categoría de parámetros","Domaine de spécialisation 10 — Produits océanographiques, Catégorie de paramètres 3: propriétés en surface","3","","Salinité pratique","","","Numérique","Operational"
"Tabla de cifrado 4.2 — Número de parámetros por campo de especialización y categoría de parámetros","Domaine de spécialisation 10 — Produits océanographiques, Catégorie de paramètres 3: propriétés en surface","4-191","","En réserve","","","–","Operational"
"Tabla de cifrado 4.2 — Número de parámetros por campo de especialización y categoría de parámetros","Domaine de spécialisation 10 — Produits océanographiques, Catégorie de paramètres 3: propriétés en surface","192-254","","En réserve pour un usage local","","","–","Operational"
"Tabla de cifrado 4.2 — Número de parámetros por campo de especialización y categoría de parámetros","Domaine de spécialisation 10 — Produits océanographiques, Catégorie de paramètres 3: propriétés en surface","255","","Valeur manquante","","","–","Operational"
