"Title_fr","Subtitle_fr","CodeFlag","Value","MeaningParameterDescription_fr","Note_fr","noteIDs","UnitComments_fr","Status"
"Tabla de cifrado 4.2 — Número de parámetros por campo de especialización y categoría de parámetros","Domaine de spécialisation 10 — Produits océanographiques, Catégorie de paramètres 1: courants","0","","Direction du courant","","","Degré vrai","Operational"
"Tabla de cifrado 4.2 — Número de parámetros por campo de especialización y categoría de parámetros","Domaine de spécialisation 10 — Produits océanographiques, Catégorie de paramètres 1: courants","1","","Vitesse du courant","","","m s-1","Operational"
"Tabla de cifrado 4.2 — Número de parámetros por campo de especialización y categoría de parámetros","Domaine de spécialisation 10 — Produits océanographiques, Catégorie de paramètres 1: courants","2","","Composante u du courant","","","m s-1","Operational"
"Tabla de cifrado 4.2 — Número de parámetros por campo de especialización y categoría de parámetros","Domaine de spécialisation 10 — Produits océanographiques, Catégorie de paramètres 1: courants","3","","Composante v du courant","","","m s-1","Operational"
"Tabla de cifrado 4.2 — Número de parámetros por campo de especialización y categoría de parámetros","Domaine de spécialisation 10 — Produits océanographiques, Catégorie de paramètres 1: courants","4","","Probabilité d'occurrence des vagues de courant","","","%","Operational"
"Tabla de cifrado 4.2 — Número de parámetros por campo de especialización y categoría de parámetros","Domaine de spécialisation 10 — Produits océanographiques, Catégorie de paramètres 1: courants","5-191","","En réserve","","","–","Operational"
"Tabla de cifrado 4.2 — Número de parámetros por campo de especialización y categoría de parámetros","Domaine de spécialisation 10 — Produits océanographiques, Catégorie de paramètres 1: courants","192-254","","En réserve pour un usage local","","","–","Operational"
"Tabla de cifrado 4.2 — Número de parámetros por campo de especialización y categoría de parámetros","Domaine de spécialisation 10 — Produits océanographiques, Catégorie de paramètres 1: courants","255","","Valeur manquante","","","–","Operational"
