"Title_fr","Subtitle_fr","CodeFlag","Value","MeaningParameterDescription_fr","Note_fr","noteIDs","UnitComments_fr","Status"
"Tabla de cifrado 4.2 — Número de parámetros por campo de especialización y categoría de parámetros","Domaine de spécialisation 1 – Produits hydrologiques, Catégorie de paramètres 1: probabilités hydrologiques","0","","Fractile indiquant les précipitations probables pour une période complète, en pourcentage (codé comme une accumulation)","","","kg m-2","Operational"
"Tabla de cifrado 4.2 — Número de parámetros por campo de especialización y categoría de parámetros","Domaine de spécialisation 1 – Produits hydrologiques, Catégorie de paramètres 1: probabilités hydrologiques","1","","Précipitation en pourcentage sur une sous-période d'une période complète (codé en tant qu'accumulation en pourcentage sur la sous-période)","","","%","Operational"
"Tabla de cifrado 4.2 — Número de parámetros por campo de especialización y categoría de parámetros","Domaine de spécialisation 1 – Produits hydrologiques, Catégorie de paramètres 1: probabilités hydrologiques","2","","Probabilité de 0,01 pouce de précipitation","","","%","Operational"
"Tabla de cifrado 4.2 — Número de parámetros por campo de especialización y categoría de parámetros","Domaine de spécialisation 1 – Produits hydrologiques, Catégorie de paramètres 1: probabilités hydrologiques","3-191","","En réserve","","","","Operational"
"Tabla de cifrado 4.2 — Número de parámetros por campo de especialización y categoría de parámetros","Domaine de spécialisation 1 – Produits hydrologiques, Catégorie de paramètres 1: probabilités hydrologiques","192-254","","En réserve pour un usage local","","","","Operational"
"Tabla de cifrado 4.2 — Número de parámetros por campo de especialización y categoría de parámetros","Domaine de spécialisation 1 – Produits hydrologiques, Catégorie de paramètres 1: probabilités hydrologiques","255","","Valeur manquante","","","","Operational"
