"Title_fr","Subtitle_fr","CodeFlag","Value","MeaningParameterDescription_fr","Note_fr","noteIDs","UnitComments_fr","Status"
"Tabla de cifrado 4.2 — Número de parámetros por campo de especialización y categoría de parámetros","Domaine de spécialisation 3 – Produits spatiaux, Catégorie de paramètres 6: rayonnement solaire","0","","Éclairement énergétique solaire global","(voir la note 1)","","W m-2","Operational"
"Tabla de cifrado 4.2 — Número de parámetros por campo de especialización y categoría de parámetros","Domaine de spécialisation 3 – Produits spatiaux, Catégorie de paramètres 6: rayonnement solaire","1","","Exposition solaire globale","(voir la note 2)","","J m-2","Operational"
"Tabla de cifrado 4.2 — Número de parámetros por campo de especialización y categoría de parámetros","Domaine de spécialisation 3 – Produits spatiaux, Catégorie de paramètres 6: rayonnement solaire","2","","Éclairement énergétique solaire direct","(voir la note 3)","","W m-2","Operational"
"Tabla de cifrado 4.2 — Número de parámetros por campo de especialización y categoría de parámetros","Domaine de spécialisation 3 – Produits spatiaux, Catégorie de paramètres 6: rayonnement solaire","3","","Exposition solaire directe","(voir la note 4)","","J m-2","Operational"
"Tabla de cifrado 4.2 — Número de parámetros por campo de especialización y categoría de parámetros","Domaine de spécialisation 3 – Produits spatiaux, Catégorie de paramètres 6: rayonnement solaire","4","","Éclairement énergétique solaire diffus","(voir la note 5)","","W m-2","Operational"
"Tabla de cifrado 4.2 — Número de parámetros por campo de especialización y categoría de parámetros","Domaine de spécialisation 3 – Produits spatiaux, Catégorie de paramètres 6: rayonnement solaire","5","","Exposition solaire diffuse","(voir la note 6)","","J m-2","Operational"
