"Title_fr","Subtitle_fr","CodeFlag","Value","MeaningParameterDescription_fr","Note_fr","noteIDs","UnitComments_fr","Status"
"Tabla de cifrado 4.2 — Número de parámetros por campo de especialización y categoría de parámetros","Domaine de spécialisation 3 – Produits spatiaux, Catégorie de paramètres 4: cendres volcaniques","0","","Probabilité de rencontre de nuages de cendres volcaniques","","","%","Operational"
"Tabla de cifrado 4.2 — Número de parámetros por campo de especialización y categoría de parámetros","Domaine de spécialisation 3 – Produits spatiaux, Catégorie de paramètres 4: cendres volcaniques","1","","Température au sommet du nuage de cendres volcaniques","","","K","Operational"
"Tabla de cifrado 4.2 — Número de parámetros por campo de especialización y categoría de parámetros","Domaine de spécialisation 3 – Produits spatiaux, Catégorie de paramètres 4: cendres volcaniques","2","","Pression au sommet du nuage de cendres volcaniques","","","Pa","Operational"
"Tabla de cifrado 4.2 — Número de parámetros por campo de especialización y categoría de parámetros","Domaine de spécialisation 3 – Produits spatiaux, Catégorie de paramètres 4: cendres volcaniques","3","","Altitude du sommet du nuage de cendres volcaniques","","","m","Operational"
"Tabla de cifrado 4.2 — Número de parámetros por campo de especialización y categoría de parámetros","Domaine de spécialisation 3 – Produits spatiaux, Catégorie de paramètres 4: cendres volcaniques","4","","Émissivité du nuage de cendres volcaniques","","","Numérique","Operational"
"Tabla de cifrado 4.2 — Número de parámetros por campo de especialización y categoría de parámetros","Domaine de spécialisation 3 – Produits spatiaux, Catégorie de paramètres 4: cendres volcaniques","5","","Rapport de l'épaisseur optique d'absorption effective du nuage de cendres volcaniques","","","Numérique","Operational"
"Tabla de cifrado 4.2 — Número de parámetros por campo de especialización y categoría de parámetros","Domaine de spécialisation 3 – Produits spatiaux, Catégorie de paramètres 4: cendres volcaniques","6","","Épaisseur optique du nuage de cendres volcaniques","","","Numérique","Operational"
"Tabla de cifrado 4.2 — Número de parámetros por campo de especialización y categoría de parámetros","Domaine de spécialisation 3 – Produits spatiaux, Catégorie de paramètres 4: cendres volcaniques","7","","Masse surfacique des cendres volcaniques","","","kg m-2","Operational"
"Tabla de cifrado 4.2 — Número de parámetros por campo de especialización y categoría de parámetros","Domaine de spécialisation 3 – Produits spatiaux, Catégorie de paramètres 4: cendres volcaniques","8","","Rayon effectif des particules formant les cendres volcaniques","","","m","Operational"
