"Title_fr","Subtitle_fr","CodeFlag","Value","MeaningParameterDescription_fr","Note_fr","noteIDs","UnitComments_fr","Status"
"Tabla de cifrado 4.2 — Número de parámetros por campo de especialización y categoría de parámetros","Domaine de spécialisation 3 – Produits spatiaux, Catégorie de paramètres 5: température de surface de la mer","0","","Température de surface de la mer à l'interface air-mer","(voir la note 1)","","K","Operational"
"Tabla de cifrado 4.2 — Número de parámetros por campo de especialización y categoría de parámetros","Domaine de spécialisation 3 – Produits spatiaux, Catégorie de paramètres 5: température de surface de la mer","1","","Température de surface de la mer pelliculaire","(voir la note 2)","","K","Operational"
"Tabla de cifrado 4.2 — Número de parámetros por campo de especialización y categoría de parámetros","Domaine de spécialisation 3 – Produits spatiaux, Catégorie de paramètres 5: température de surface de la mer","2","","Température de surface de la mer sous-pelliculaire","(voir la note 3)","","K","Operational"
"Tabla de cifrado 4.2 — Número de parámetros por campo de especialización y categoría de parámetros","Domaine de spécialisation 3 – Produits spatiaux, Catégorie de paramètres 5: température de surface de la mer","3","","Température de surface de la mer servant de fondement","(voir la note 4)","","K","Operational"
"Tabla de cifrado 4.2 — Número de parámetros por campo de especialización y categoría de parámetros","Domaine de spécialisation 3 – Produits spatiaux, Catégorie de paramètres 5: température de surface de la mer","4","","Estimation du biais entre la température de surface de la mer et la valeur de référence","","","K","Operational"
"Tabla de cifrado 4.2 — Número de parámetros por campo de especialización y categoría de parámetros","Domaine de spécialisation 3 – Produits spatiaux, Catégorie de paramètres 5: température de surface de la mer","5","","Estimation de l'écart type entre la température de surface de la mer et la valeur de référence","","","K","Operational"
