Title_fr,SubTitle_fr,CodeFlag,Value,MeaningParameterDescription_fr,Note_fr,noteIDs,UnitComments_fr,Status
Table de code 4.241 - Caractéristique de la couverture,,0,,Valeur indéfinie,,,,Operational
Table de code 4.241 - Caractéristique de la couverture,,1,,Valeur inchangée,,,,Operational
Table de code 4.241 - Caractéristique de la couverture,,2,,Surface couverte de neige,,,,Operational
Table de code 4.241 - Caractéristique de la couverture,,3,,Surface inondée,,,,Operational
Table de code 4.241 - Caractéristique de la couverture,,4,,Surface couverte de glace,,,,Operational
Table de code 4.241 - Caractéristique de la couverture,,5-191,,En réserve,,,,Operational
Table de code 4.241 - Caractéristique de la couverture,,192-254,,En réserve pour un usage local,,,,Operational
Table de code 4.241 - Caractéristique de la couverture,,255,,Valeur manquante,,,,Operational
