Title_fr,SubTitle_fr,CodeFlag,Value,MeaningParameterDescription_fr,Note_fr,noteIDs,UnitComments_fr,Status
Table de code 4.220 – Dimension horizontale calculée,,0,,Latitude,,,,Operational
Table de code 4.220 – Dimension horizontale calculée,,1,,Longitude,,,,Operational
Table de code 4.220 – Dimension horizontale calculée,,2-191,,En réserve,,,,Operational
Table de code 4.220 – Dimension horizontale calculée,,192-254,,En réserve pour un usage local,,,,Operational
Table de code 4.220 – Dimension horizontale calculée,,255,,Valeur manquante,,,,Operational
