Title_fr,SubTitle_fr,CodeFlag,Value,MeaningParameterDescription_fr,Note_fr,noteIDs,UnitComments_fr,Status
Table de code 4.12 – Mode de fonctionnement,,0,,Mode maintenance,,,,Operational
Table de code 4.12 – Mode de fonctionnement,,1,,Ciel clair,,,,Operational
Table de code 4.12 – Mode de fonctionnement,,2,,Précipitation,,,,Operational
Table de code 4.12 – Mode de fonctionnement,,3-191,,En réserve,,,,Operational
Table de code 4.12 – Mode de fonctionnement,,192-254,,En réserve pour un usage local,,,,Operational
Table de code 4.12 – Mode de fonctionnement,,255,,Valeur manquante,,,,Operational
