Title_fr,SubTitle_fr,CodeFlag,Value,MeaningParameterDescription_fr,Note_fr,noteIDs,UnitComments_fr,Status
Table de code 4.206 – Cendres volcaniques,,0,,Absence de cendres volcaniques,,,,Operational
Table de code 4.206 – Cendres volcaniques,,1,,Présence de cendres volcaniques,,,,Operational
Table de code 4.206 – Cendres volcaniques,,2-191,,En réserve,,,,Operational
Table de code 4.206 – Cendres volcaniques,,192-254,,En réserve pour un usage local,,,,Operational
Table de code 4.206 – Cendres volcaniques,,255,,Valeur manquante,,,,Operational
