Title_fr,SubTitle_fr,CodeFlag,Value,MeaningParameterDescription_fr,Note_fr,noteIDs,UnitComments_fr,Status
Table de code 4.209 – Régime de la couche limite planétaire,,0,,En réserve,,,,Operational
Table de code 4.209 – Régime de la couche limite planétaire,,1,,Stable,,,,Operational
Table de code 4.209 – Régime de la couche limite planétaire,,2,,Turbulence d'origine mécanique,,,,Operational
Table de code 4.209 – Régime de la couche limite planétaire,,3,,Convection forcée,,,,Operational
Table de code 4.209 – Régime de la couche limite planétaire,,4,,Convection libre,,,,Operational
Table de code 4.209 – Régime de la couche limite planétaire,,5-191,,En réserve,,,,Operational
Table de code 4.209 – Régime de la couche limite planétaire,,192-254,,En réserve pour un usage local,,,,Operational
Table de code 4.209 – Régime de la couche limite planétaire,,255,,Valeur manquante,,,,Operational
