Title_fr,SubTitle_fr,CodeFlag,Value,MeaningParameterDescription_fr,Note_fr,noteIDs,UnitComments_fr,Status
Table de code 4.242 - Classification des dalles,,0,,En réserve,,,,Operational
Table de code 4.242 - Classification des dalles,,1,,Classes d'occupation des sols selon le programme GlobCover GCV2009 de l'ESA,,,,Operational
Table de code 4.242 - Classification des dalles,,2,,Classes d'occupation des sols selon le programme GLC2000 de la Commission européenne sur l'occupation des sols à l'échelle mondiale,,,,Operational
Table de code 4.242 - Classification des dalles,,3-191,,En réserve,,,,Operational
Table de code 4.242 - Classification des dalles,,192-254,,En réserve pour un usage local,,,,Operational
Table de code 4.242 - Classification des dalles,,255,,Valeur manquante,,,,Operational
