Title_fr,SubTitle_fr,CodeFlag,Value,MeaningParameterDescription_fr,Note_fr,noteIDs,UnitComments_fr,Status
Table de code 4.8 – Méthode de groupement,,0,,Corrélation d'anomalie,,,,Operational
Table de code 4.8 – Méthode de groupement,,1,,Moyenne quadratique,,,,Operational
Table de code 4.8 – Méthode de groupement,,2-191,,En réserve,,,,Operational
Table de code 4.8 – Méthode de groupement,,192-254,,En réserve pour un usage local,,,,Operational
Table de code 4.8 – Méthode de groupement,,255,,Valeur manquante,,,,Operational
