Title_fr,SubTitle_fr,CodeFlag,Value,MeaningParameterDescription_fr,Note_fr,noteIDs,UnitComments_fr,Status
Table de code 4.222 – Résultat catégoriel,,0,,Non,,,,Operational
Table de code 4.222 – Résultat catégoriel,,1,,Oui,,,,Operational
Table de code 4.222 – Résultat catégoriel,,2-191,,En réserve,,,,Operational
Table de code 4.222 – Résultat catégoriel,,192-254,,En réserve pour un usage local,,,,Operational
Table de code 4.222 – Résultat catégoriel,,255,,Valeur manquante,,,,Operational
