Title_fr,SubTitle_fr,CodeFlag,Value,MeaningParameterDescription_fr,Note_fr,noteIDs,UnitComments_fr,Status
Table de code 4.205 – Présence d'aérosol,,0,,Absence d'aérosol,,,,Operational
Table de code 4.205 – Présence d'aérosol,,1,,Présence d'aérosol,,,,Operational
Table de code 4.205 – Présence d'aérosol,,2-191,,En réserve,,,,Operational
Table de code 4.205 – Présence d'aérosol,,192-254,,En réserve pour un usage local,,,,Operational
Table de code 4.205 – Présence d'aérosol,,255,,Valeur manquante,,,,Operational
