Title_fr,SubTitle_fr,CodeFlag,Value,MeaningParameterDescription_fr,Note_fr,noteIDs,UnitComments_fr,Status
Table de code 4.13 – Indicateur de contrôle de qualité,,0,,Absence de contrôle de qualité,,,,Operational
Table de code 4.13 – Indicateur de contrôle de qualité,,1,,Contrôle de qualité appliqué,,,,Operational
Table de code 4.13 – Indicateur de contrôle de qualité,,2-191,,En réserve,,,,Operational
Table de code 4.13 – Indicateur de contrôle de qualité,,192-254,,En réserve pour un usage local,,,,Operational
Table de code 4.13 – Indicateur de contrôle de qualité,,255,,Valeur manquante,,,,Operational
