Title_fr,SubTitle_fr,CodeFlag,Value,MeaningParameterDescription_fr,Note_fr,noteIDs,UnitComments_fr,Status
Table de code 4.236 – Fraction de texture du sol (à utiliser comme paramètre partitionné dans le modèle de définition du produit 4.53 ou 4.54),,1,,Grossière,,,,Operational
Table de code 4.236 – Fraction de texture du sol (à utiliser comme paramètre partitionné dans le modèle de définition du produit 4.53 ou 4.54),,2,,Moyenne,,,,Operational
Table de code 4.236 – Fraction de texture du sol (à utiliser comme paramètre partitionné dans le modèle de définition du produit 4.53 ou 4.54),,3,,Moyenne à fine,,,,Operational
Table de code 4.236 – Fraction de texture du sol (à utiliser comme paramètre partitionné dans le modèle de définition du produit 4.53 ou 4.54),,4,,Fine,,,,Operational
Table de code 4.236 – Fraction de texture du sol (à utiliser comme paramètre partitionné dans le modèle de définition du produit 4.53 ou 4.54),,5,,Très fine,,,,Operational
Table de code 4.236 – Fraction de texture du sol (à utiliser comme paramètre partitionné dans le modèle de définition du produit 4.53 ou 4.54),,6,,Organique,,,,Operational
Table de code 4.236 – Fraction de texture du sol (à utiliser comme paramètre partitionné dans le modèle de définition du produit 4.53 ou 4.54),,7,,Tropicale-organique,,,,Operational
