Title_fr,OctetNo,OctetCount,Contents_fr,Note_fr,noteIDs,codeTable,flagTable,Status
Modèle de représentation des données 5.0 — Données aux points de grille — compression simple,12-15,,Valeur de référence (R) (valeur en virgule flottante IEEE 32 bits),,,,,Operational
Modèle de représentation des données 5.0 — Données aux points de grille — compression simple,16-17,,Facteur d'échelle binaire (E),,,,,Operational
Modèle de représentation des données 5.0 — Données aux points de grille — compression simple,18-19,,Facteur d'échelle décimale (D),,,,,Operational
Modèle de représentation des données 5.0 — Données aux points de grille — compression simple,20,,Nombre de bits utilisés pour chaque valeur comprimée (compression simple) ou pour chaque valeur de référence de groupe (compression complexe ou différenciation spatiale),,,,,Operational
Modèle de représentation des données 5.0 — Données aux points de grille — compression simple,21,,Type des valeurs du champ d'origine,(voir la table de code 5.1),,,,Operational
