Title_fr,OctetNo,OctetCount,Contents_fr,Note_fr,noteIDs,codeTable,flagTable,Status
Modèle de représentation des données 5.40 — Données aux points de grille — flux de données en format JPEG 2000,12-15,,Valeur de référence (R) (valeur en virgule flottante IEEE 32 bits),,,,,Operational
Modèle de représentation des données 5.40 — Données aux points de grille — flux de données en format JPEG 2000,16-17,,Facteur d'échelle binaire (E),,,,,Operational
Modèle de représentation des données 5.40 — Données aux points de grille — flux de données en format JPEG 2000,18-19,,Facteur d'échelle décimale (D),,,,,Operational
Modèle de représentation des données 5.40 — Données aux points de grille — flux de données en format JPEG 2000,20,,Nombre de bits requis pour les valeurs des données découlant des étapes précédentes (facteur d'échelle et valeur de référence). ),(Il s'agit de la précision de l'échelle des gris utilisée pour l'image – voir la note 2),,,,Operational
Modèle de représentation des données 5.40 — Données aux points de grille — flux de données en format JPEG 2000,21,,Type des valeurs du champ d'origine,(voir la table de code 5.1),,,,Operational
Modèle de représentation des données 5.40 — Données aux points de grille — flux de données en format JPEG 2000,22,,Type de compression utilisée,(voir la table de code 5.40),,,,Operational
Modèle de représentation des données 5.40 — Données aux points de grille — flux de données en format JPEG 2000,23,,"Facteur de compression cible, M:1 (correspondant à la profondeur de bits précisée par l'octet 20), quand l'octet 22 indique une compression de données avec perte; sinon indiqué comme manquant )",(voir la note 3),,,,Operational
