Title_fr,OctetNo,OctetCount,Contents_fr,Note_fr,noteIDs,codeTable,flagTable,Status
Modèle de représentation des données 5.41 — Données aux points de grille — format PNG (Portable Network Graphics – graphique réseau portable),12-15,,Valeur de référence (R) (valeur en virgule flottante IEEE 32 bits),,,,,Operational
Modèle de représentation des données 5.41 — Données aux points de grille — format PNG (Portable Network Graphics – graphique réseau portable),16-17,,Facteur d'échelle binaire (E),,,,,Operational
Modèle de représentation des données 5.41 — Données aux points de grille — format PNG (Portable Network Graphics – graphique réseau portable),18-19,,Facteur d'échelle décimale (D),,,,,Operational
Modèle de représentation des données 5.41 — Données aux points de grille — format PNG (Portable Network Graphics – graphique réseau portable),20,,Nombre de bits requis pour les valeurs des données découlant des étapes précédentes (facteur d'échelle et valeur de référence). ),(Il s'agit ici de la profondeur de bits pour l'image - voir la note 2),,,,Operational
Modèle de représentation des données 5.41 — Données aux points de grille — format PNG (Portable Network Graphics – graphique réseau portable),21,,Type des valeurs du champ d'origine,(voir la table de code 5.1),,,,Operational
