Title_fr,OctetNo,OctetCount,Contents_fr,Note_fr,noteIDs,codeTable,flagTable,Status
Modèle des données 7.2 — Données aux points de grille — compression complexe,6-xx,,"Valeurs de référence des NG groupes (X1 dans la formule de décodage), chacune de ces valeurs étant codée sur le nombre de bits spécifié à l'octet 20 du modèle de représentation des données 5.0. Il convient d'ajouter le nombre nécessaire de bits mis à 0 pour que la suite de nombres se termine à la fin d'un octet.",,,,,Operational
Modèle des données 7.2 — Données aux points de grille — compression complexe,[xx+1]-yy,,"Largeurs des NG groupes, chacune de ces largeurs étant codée sur le nombre de bits spéci- fié à l'octet 37 du modèle de représentation des données 5.2. II convient d'ajouter le nombre nécessaire de bits mis à 0 pour que la suite de nombres se termine à la fin d'un octet.",,,,,Operational
Modèle des données 7.2 — Données aux points de grille — compression complexe,[yy+1]-zz,,"Longueurs ajustées des NG groupes, chacune de ces longueurs étant codée sur le nombre de bits spécifié à l'octet 47 du modèle de représentation des données 5.2. Il convient d'ajouter le nombre nécessaire de bits mis à 0 pour que la suite de nombres se termine à la fin d'un octet.",(voir la note 14 du modèle de représentation des données 5.2),,,,Operational
Modèle des données 7.2 — Données aux points de grille — compression complexe,[zz+1]-nn,,"Valeurs comprimées (X2 dans la formule de décodage), chaque valeur correspondant à un écart par rapport à la valeur de référence de son groupe.",,,,,Operational
