Title_fr,OctetNo,OctetCount,Contents_fr,Note_fr,noteIDs,codeTable,flagTable,Status
"Modèle de définition du produit 4.63 Prévision d'ensemble prise séparément, de contrôle ou «perturbée», pour une surface ou une couche horizontale, durant un intervalle de temps continu ou non, relative à la dynamique spatio-temporelle de mosaïques",10,,Catégorie du paramètre,(voir la table de code 4.1),,,,Operational
"Modèle de définition du produit 4.63 Prévision d'ensemble prise séparément, de contrôle ou «perturbée», pour une surface ou une couche horizontale, durant un intervalle de temps continu ou non, relative à la dynamique spatio-temporelle de mosaïques",11,,Numéro du paramètre,(voir la table de code 4.2),,,,Operational
"Modèle de définition du produit 4.63 Prévision d'ensemble prise séparément, de contrôle ou «perturbée», pour une surface ou une couche horizontale, durant un intervalle de temps continu ou non, relative à la dynamique spatio-temporelle de mosaïques",12,,Classification des dalles,(voir la table de code 4.242),,,,Operational
"Modèle de définition du produit 4.63 Prévision d'ensemble prise séparément, de contrôle ou «perturbée», pour une surface ou une couche horizontale, durant un intervalle de temps continu ou non, relative à la dynamique spatio-temporelle de mosaïques",13,,Nombre total (NT) de paires de dalles ou de caractéristiques,(voir les notes 1 et 2),,,,Operational
"Modèle de définition du produit 4.63 Prévision d'ensemble prise séparément, de contrôle ou «perturbée», pour une surface ou une couche horizontale, durant un intervalle de temps continu ou non, relative à la dynamique spatio-temporelle de mosaïques",14,,Nombre de dalles spatiales utilisées (NUT),(voir les notes 1 et 2),,,,Operational
"Modèle de définition du produit 4.63 Prévision d'ensemble prise séparément, de contrôle ou «perturbée», pour une surface ou une couche horizontale, durant un intervalle de temps continu ou non, relative à la dynamique spatio-temporelle de mosaïques",15,,"Indice de dalle (ITN = {1,..., NUT})",(voir la note 1),,,,Operational
"Modèle de définition du produit 4.63 Prévision d'ensemble prise séparément, de contrôle ou «perturbée», pour une surface ou une couche horizontale, durant un intervalle de temps continu ou non, relative à la dynamique spatio-temporelle de mosaïques",16,,Nombre de caractéristiques de dalle utilisées (NAT) pour ITN,(voir la note 1),,,,Operational
"Modèle de définition du produit 4.63 Prévision d'ensemble prise séparément, de contrôle ou «perturbée», pour une surface ou une couche horizontale, durant un intervalle de temps continu ou non, relative à la dynamique spatio-temporelle de mosaïques",17,,"Caractéristique de la dalle (A = {A(1),..., A(NAT(ITN))})",(voir la table de code 4.241)  (voir la note 1),,,,Operational
"Modèle de définition du produit 4.63 Prévision d'ensemble prise séparément, de contrôle ou «perturbée», pour une surface ou une couche horizontale, durant un intervalle de temps continu ou non, relative à la dynamique spatio-temporelle de mosaïques",18,,Type du processus de production,(voir la table de code 4.3),,,,Operational
"Modèle de définition du produit 4.63 Prévision d'ensemble prise séparément, de contrôle ou «perturbée», pour une surface ou une couche horizontale, durant un intervalle de temps continu ou non, relative à la dynamique spatio-temporelle de mosaïques",19,,Indicateur du processus de production de base (défini par le centre d'origine),,,,,Operational
"Modèle de définition du produit 4.63 Prévision d'ensemble prise séparément, de contrôle ou «perturbée», pour une surface ou une couche horizontale, durant un intervalle de temps continu ou non, relative à la dynamique spatio-temporelle de mosaïques",20,,Indicateur du processus de production de l'analyse ou de la prévision (défini par le centre d'origine),,,,,Operational
"Modèle de définition du produit 4.63 Prévision d'ensemble prise séparément, de contrôle ou «perturbée», pour une surface ou une couche horizontale, durant un intervalle de temps continu ou non, relative à la dynamique spatio-temporelle de mosaïques",21-22,,Limite (heures) de tombée des données d'observation après l'heure de référence,(voir la note 3),,,,Operational
"Modèle de définition du produit 4.63 Prévision d'ensemble prise séparément, de contrôle ou «perturbée», pour une surface ou une couche horizontale, durant un intervalle de temps continu ou non, relative à la dynamique spatio-temporelle de mosaïques",23,,Limite (minutes) de tombée des données d'observation après l'heure de référence,,,,,Operational
"Modèle de définition du produit 4.63 Prévision d'ensemble prise séparément, de contrôle ou «perturbée», pour une surface ou une couche horizontale, durant un intervalle de temps continu ou non, relative à la dynamique spatio-temporelle de mosaïques",24,,Indicateur d'unité de l'intervalle de temps,(voir la table de code 4.4),,,,Operational
"Modèle de définition du produit 4.63 Prévision d'ensemble prise séparément, de contrôle ou «perturbée», pour une surface ou une couche horizontale, durant un intervalle de temps continu ou non, relative à la dynamique spatio-temporelle de mosaïques",25-28,,Heure de la prévision exprimée dans l'unité précisée par l'octet 24,(voir la note 4),,,,Operational
"Modèle de définition du produit 4.63 Prévision d'ensemble prise séparément, de contrôle ou «perturbée», pour une surface ou une couche horizontale, durant un intervalle de temps continu ou non, relative à la dynamique spatio-temporelle de mosaïques",29,,Type de la première surface spécifiée,(voir la table de code 4.5),,,,Operational
"Modèle de définition du produit 4.63 Prévision d'ensemble prise séparément, de contrôle ou «perturbée», pour une surface ou une couche horizontale, durant un intervalle de temps continu ou non, relative à la dynamique spatio-temporelle de mosaïques",30,,Facteur d'échelle - première surface spécifiée,,,,,Operational
"Modèle de définition du produit 4.63 Prévision d'ensemble prise séparément, de contrôle ou «perturbée», pour une surface ou une couche horizontale, durant un intervalle de temps continu ou non, relative à la dynamique spatio-temporelle de mosaïques",31-34,,Valeur ajustée - première surface spécifiée,,,,,Operational
"Modèle de définition du produit 4.63 Prévision d'ensemble prise séparément, de contrôle ou «perturbée», pour une surface ou une couche horizontale, durant un intervalle de temps continu ou non, relative à la dynamique spatio-temporelle de mosaïques",35,,Type de la deuxième surface spécifiée,(voir la table de code 4.5),,,,Operational
"Modèle de définition du produit 4.63 Prévision d'ensemble prise séparément, de contrôle ou «perturbée», pour une surface ou une couche horizontale, durant un intervalle de temps continu ou non, relative à la dynamique spatio-temporelle de mosaïques",36,,Facteur d'échelle - deuxième surface spécifiée,,,,,Operational
"Modèle de définition du produit 4.63 Prévision d'ensemble prise séparément, de contrôle ou «perturbée», pour une surface ou une couche horizontale, durant un intervalle de temps continu ou non, relative à la dynamique spatio-temporelle de mosaïques",37-40,,Valeur ajustée - deuxième surface spécifiée,,,,,Operational
"Modèle de définition du produit 4.63 Prévision d'ensemble prise séparément, de contrôle ou «perturbée», pour une surface ou une couche horizontale, durant un intervalle de temps continu ou non, relative à la dynamique spatio-temporelle de mosaïques",41,,Type de la prévision d'ensemble,(voir la table de code 4.6),,,,Operational
"Modèle de définition du produit 4.63 Prévision d'ensemble prise séparément, de contrôle ou «perturbée», pour une surface ou une couche horizontale, durant un intervalle de temps continu ou non, relative à la dynamique spatio-temporelle de mosaïques",42,,Numéro de la perturbation,,,,,Operational
"Modèle de définition du produit 4.63 Prévision d'ensemble prise séparément, de contrôle ou «perturbée», pour une surface ou une couche horizontale, durant un intervalle de temps continu ou non, relative à la dynamique spatio-temporelle de mosaïques",43,,Nombre de prévisions dans l'ensemble,,,,,Operational
"Modèle de définition du produit 4.63 Prévision d'ensemble prise séparément, de contrôle ou «perturbée», pour une surface ou une couche horizontale, durant un intervalle de temps continu ou non, relative à la dynamique spatio-temporelle de mosaïques",44-45,,Année,,,,,Operational
"Modèle de définition du produit 4.63 Prévision d'ensemble prise séparément, de contrôle ou «perturbée», pour une surface ou une couche horizontale, durant un intervalle de temps continu ou non, relative à la dynamique spatio-temporelle de mosaïques",46,,Mois,,,,,Operational
"Modèle de définition du produit 4.63 Prévision d'ensemble prise séparément, de contrôle ou «perturbée», pour une surface ou une couche horizontale, durant un intervalle de temps continu ou non, relative à la dynamique spatio-temporelle de mosaïques",47,,Jour,,,,,Operational
"Modèle de définition du produit 4.63 Prévision d'ensemble prise séparément, de contrôle ou «perturbée», pour une surface ou une couche horizontale, durant un intervalle de temps continu ou non, relative à la dynamique spatio-temporelle de mosaïques",48,,Heure,,,,,Operational
"Modèle de définition du produit 4.63 Prévision d'ensemble prise séparément, de contrôle ou «perturbée», pour une surface ou une couche horizontale, durant un intervalle de temps continu ou non, relative à la dynamique spatio-temporelle de mosaïques",49,,Minute,,,,,Operational
"Modèle de définition du produit 4.63 Prévision d'ensemble prise séparément, de contrôle ou «perturbée», pour une surface ou une couche horizontale, durant un intervalle de temps continu ou non, relative à la dynamique spatio-temporelle de mosaïques",50,,Seconde,,,,,Operational
"Modèle de définition du produit 4.63 Prévision d'ensemble prise séparément, de contrôle ou «perturbée», pour une surface ou une couche horizontale, durant un intervalle de temps continu ou non, relative à la dynamique spatio-temporelle de mosaïques",51,,n - nombre des spécifications décrivant les intervalles de temps sur lesquels porte le calcul statistique du champ,,,,,Operational
"Modèle de définition du produit 4.63 Prévision d'ensemble prise séparément, de contrôle ou «perturbée», pour une surface ou une couche horizontale, durant un intervalle de temps continu ou non, relative à la dynamique spatio-temporelle de mosaïques",52-55,,Nombre total de valeurs manquantes dans le calcul statistique,,,,,Operational
"Modèle de définition du produit 4.63 Prévision d'ensemble prise séparément, de contrôle ou «perturbée», pour une surface ou une couche horizontale, durant un intervalle de temps continu ou non, relative à la dynamique spatio-temporelle de mosaïques",56-67,,Spécification de l'intervalle de temps le plus éloigné (ou intervalle de temps unique) sur lequel porte le calcul statistique,,,,,Operational
"Modèle de définition du produit 4.63 Prévision d'ensemble prise séparément, de contrôle ou «perturbée», pour une surface ou une couche horizontale, durant un intervalle de temps continu ou non, relative à la dynamique spatio-temporelle de mosaïques",56,,Calcul statistique ayant permis d'obtenir le champ élaboré à partir du champ à chaque incrément de temps durant l'intervalle de temps,(voir la table de code 4.10),,,,Operational
"Modèle de définition du produit 4.63 Prévision d'ensemble prise séparément, de contrôle ou «perturbée», pour une surface ou une couche horizontale, durant un intervalle de temps continu ou non, relative à la dynamique spatio-temporelle de mosaïques",57,,Type d'incrément de temps entre les champs successifs employé pour le calcul statistique,(voir la table de code 4.11),,,,Operational
"Modèle de définition du produit 4.63 Prévision d'ensemble prise séparément, de contrôle ou «perturbée», pour une surface ou une couche horizontale, durant un intervalle de temps continu ou non, relative à la dynamique spatio-temporelle de mosaïques",58,,Indicateur de l'unité de temps employée pour l'intervalle de temps sur lequel porte le calcul statistique,(voir la table de code 4.4),,,,Operational
(Modèle de définition du produit 4.63 suite),59-62,,"Durée de l'intervalle de temps sur lequel porte le calcul statistique, exprimée dans l'unité indiquée par l'octet précédent",,,,,Operational
(Modèle de définition du produit 4.63 suite),63,,Indicateur de l'unité de temps employée pour l'incrément de temps entre les champs successifs,(voir la table de code 4.4),,,,Operational
(Modèle de définition du produit 4.63 suite),64-67,,"Incrément de temps entre les champs successifs, exprimé dans l'unité indiquée par l'octet précédent",(voir les notes 5 et 6),,,,Operational
(Modèle de définition du produit 4.63 suite),68-nn,,"Ces octets figurent dans le message uniquement si n>1, nn = 55 + 12 x n",,,,,Operational
(Modèle de définition du produit 4.63 suite),68-79,,"Même contenu que les octets 56 à 67, pour l'étape suivante du calcul",,,,,Operational
(Modèle de définition du produit 4.63 suite),80-nn,,"Spécifications des intervalles de temps supplémentaires, incluses en fonction de la valeur de n. Le contenu est le même que celui des octets 56 à 67, répétés au besoin",,,,,Operational
