Title_fr,OctetNo,OctetCount,Contents_fr,Note_fr,noteIDs,codeTable,flagTable,Status
"Modèle de définition du produit 4.60 Reprévision d'ensemble prise séparément, de contrôle ou «perturbée», pour une surface ou une couche horizontale, à un moment donné",10,,Catégorie du paramètre,(voir la table de code 4.1),,,,Operational
"Modèle de définition du produit 4.60 Reprévision d'ensemble prise séparément, de contrôle ou «perturbée», pour une surface ou une couche horizontale, à un moment donné",11,,Numéro du paramètre,(voir la table de code 4.2),,,,Operational
"Modèle de définition du produit 4.60 Reprévision d'ensemble prise séparément, de contrôle ou «perturbée», pour une surface ou une couche horizontale, à un moment donné",12,,Type du processus de production,(voir la table de code 4.3),,,,Operational
"Modèle de définition du produit 4.60 Reprévision d'ensemble prise séparément, de contrôle ou «perturbée», pour une surface ou une couche horizontale, à un moment donné",13,,Indicateur du processus de production de base (défini par le centre d'origine),,,,,Operational
"Modèle de définition du produit 4.60 Reprévision d'ensemble prise séparément, de contrôle ou «perturbée», pour une surface ou une couche horizontale, à un moment donné",14,,Indicateur du processus de production de l'analyse ou de la prévision (défini par le centre d'origine),,,,,Operational
"Modèle de définition du produit 4.60 Reprévision d'ensemble prise séparément, de contrôle ou «perturbée», pour une surface ou une couche horizontale, à un moment donné",15-16,,Limite (heures) de tombée des données après l'heure de référence,(voir la note 1),,,,Operational
"Modèle de définition du produit 4.60 Reprévision d'ensemble prise séparément, de contrôle ou «perturbée», pour une surface ou une couche horizontale, à un moment donné",17,,Limite (minutes) de tombée des données après l'heure de référence,,,,,Operational
"Modèle de définition du produit 4.60 Reprévision d'ensemble prise séparément, de contrôle ou «perturbée», pour une surface ou une couche horizontale, à un moment donné",18,,Indicateur d'unité de l'intervalle de temps,(voir la table de code 4.4),,,,Operational
"Modèle de définition du produit 4.60 Reprévision d'ensemble prise séparément, de contrôle ou «perturbée», pour une surface ou une couche horizontale, à un moment donné",19-22,,Heure de la prévision exprimée dans l'unité précisée par l'octet 18,,,,,Operational
"Modèle de définition du produit 4.60 Reprévision d'ensemble prise séparément, de contrôle ou «perturbée», pour une surface ou une couche horizontale, à un moment donné",23,,Type de la première surface spécifiée,(voir la table de code 4.5),,,,Operational
"Modèle de définition du produit 4.60 Reprévision d'ensemble prise séparément, de contrôle ou «perturbée», pour une surface ou une couche horizontale, à un moment donné",24,,Facteur d'échelle - première surface spécifiée,,,,,Operational
"Modèle de définition du produit 4.60 Reprévision d'ensemble prise séparément, de contrôle ou «perturbée», pour une surface ou une couche horizontale, à un moment donné",25-28,,Valeur ajustée - première surface spécifiée,,,,,Operational
"Modèle de définition du produit 4.60 Reprévision d'ensemble prise séparément, de contrôle ou «perturbée», pour une surface ou une couche horizontale, à un moment donné",29,,Type de la deuxième surface spécifiée,(voir la table de code 4.5),,,,Operational
"Modèle de définition du produit 4.60 Reprévision d'ensemble prise séparément, de contrôle ou «perturbée», pour une surface ou une couche horizontale, à un moment donné",30,,Facteur d'échelle - deuxième surface spécifiée,,,,,Operational
"Modèle de définition du produit 4.60 Reprévision d'ensemble prise séparément, de contrôle ou «perturbée», pour une surface ou une couche horizontale, à un moment donné",31-34,,Valeur ajustée - deuxième surface spécifiée,,,,,Operational
"Modèle de définition du produit 4.60 Reprévision d'ensemble prise séparément, de contrôle ou «perturbée», pour une surface ou une couche horizontale, à un moment donné",35,,Type de la prévision d'ensemble,(voir la table de code 4.6),,,,Operational
"Modèle de définition du produit 4.60 Reprévision d'ensemble prise séparément, de contrôle ou «perturbée», pour une surface ou une couche horizontale, à un moment donné",36,,Numéro de la perturbation,,,,,Operational
"Modèle de définition du produit 4.60 Reprévision d'ensemble prise séparément, de contrôle ou «perturbée», pour une surface ou une couche horizontale, à un moment donné",37,,Nombre de prévisions dans l'ensemble,,,,,Operational
"Modèle de définition du produit 4.60 Reprévision d'ensemble prise séparément, de contrôle ou «perturbée», pour une surface ou une couche horizontale, à un moment donné",38-39,,Année,,,,,Operational
"Modèle de définition du produit 4.60 Reprévision d'ensemble prise séparément, de contrôle ou «perturbée», pour une surface ou une couche horizontale, à un moment donné",40,,Mois,,,,,Operational
"Modèle de définition du produit 4.60 Reprévision d'ensemble prise séparément, de contrôle ou «perturbée», pour une surface ou une couche horizontale, à un moment donné",41,,Jour,,,,,Operational
"Modèle de définition du produit 4.60 Reprévision d'ensemble prise séparément, de contrôle ou «perturbée», pour une surface ou une couche horizontale, à un moment donné",42,,Heure,,,,,Operational
"Modèle de définition du produit 4.60 Reprévision d'ensemble prise séparément, de contrôle ou «perturbée», pour une surface ou une couche horizontale, à un moment donné",43,,Minute,,,,,Operational
"Modèle de définition du produit 4.60 Reprévision d'ensemble prise séparément, de contrôle ou «perturbée», pour une surface ou une couche horizontale, à un moment donné",44,,Seconde,,,,,Operational
