Title_fr,OctetNo,OctetCount,Contents_fr,Note_fr,noteIDs,codeTable,flagTable,Status
"Modèle de définition du produit 4.41 — Prévision d'ensemble prise séparément, de contrôle ou «perturbée», pour une surface ou une couche horizontale, à un moment donné, relative aux constituants chimiques de l'atmosphère",10,,Catégorie du paramètre,(voir la table de code 4.1),,,,Operational
"Modèle de définition du produit 4.41 — Prévision d'ensemble prise séparément, de contrôle ou «perturbée», pour une surface ou une couche horizontale, à un moment donné, relative aux constituants chimiques de l'atmosphère",11,,Numéro du paramètre,(voir la table de code 4.2),,,,Operational
"Modèle de définition du produit 4.41 — Prévision d'ensemble prise séparément, de contrôle ou «perturbée», pour une surface ou une couche horizontale, à un moment donné, relative aux constituants chimiques de l'atmosphère",12-13,,Type de constituants chimiques de l'atmosphère,(voir la table de code 4.230),,,,Operational
"Modèle de définition du produit 4.41 — Prévision d'ensemble prise séparément, de contrôle ou «perturbée», pour une surface ou une couche horizontale, à un moment donné, relative aux constituants chimiques de l'atmosphère",14,,Type du processus de production,(voir la table de code 4.3),,,,Operational
"Modèle de définition du produit 4.41 — Prévision d'ensemble prise séparément, de contrôle ou «perturbée», pour une surface ou une couche horizontale, à un moment donné, relative aux constituants chimiques de l'atmosphère",15,,Indicateur du processus de production de base (défini par le centre d'origine),,,,,Operational
"Modèle de définition du produit 4.41 — Prévision d'ensemble prise séparément, de contrôle ou «perturbée», pour une surface ou une couche horizontale, à un moment donné, relative aux constituants chimiques de l'atmosphère",16,,Indicateur du processus de production de la prévision (défini par le centre d'origine),,,,,Operational
"Modèle de définition du produit 4.41 — Prévision d'ensemble prise séparément, de contrôle ou «perturbée», pour une surface ou une couche horizontale, à un moment donné, relative aux constituants chimiques de l'atmosphère",17-18,,Limite (heures) de tombée des données d'observation après l'heure de référence,(voir la note),,,,Operational
"Modèle de définition du produit 4.41 — Prévision d'ensemble prise séparément, de contrôle ou «perturbée», pour une surface ou une couche horizontale, à un moment donné, relative aux constituants chimiques de l'atmosphère",19,,Limite (minutes) de tombée des données d'observation après l'heure de référence,,,,,Operational
"Modèle de définition du produit 4.41 — Prévision d'ensemble prise séparément, de contrôle ou «perturbée», pour une surface ou une couche horizontale, à un moment donné, relative aux constituants chimiques de l'atmosphère",20,,Indicateur d'unité de l'intervalle de temps,(voir la table de code 4.4),,,,Operational
"Modèle de définition du produit 4.41 — Prévision d'ensemble prise séparément, de contrôle ou «perturbée», pour une surface ou une couche horizontale, à un moment donné, relative aux constituants chimiques de l'atmosphère",21-24,,Heure de la prévision exprimée dans l'unité précisée par l'octet 20,,,,,Operational
"Modèle de définition du produit 4.41 — Prévision d'ensemble prise séparément, de contrôle ou «perturbée», pour une surface ou une couche horizontale, à un moment donné, relative aux constituants chimiques de l'atmosphère",25,,Type de la première surface spécifiée,(voir la table de code 4.5),,,,Operational
"Modèle de définition du produit 4.41 — Prévision d'ensemble prise séparément, de contrôle ou «perturbée», pour une surface ou une couche horizontale, à un moment donné, relative aux constituants chimiques de l'atmosphère",26,,Facteur d'échelle - première surface spécifiée,,,,,Operational
"Modèle de définition du produit 4.41 — Prévision d'ensemble prise séparément, de contrôle ou «perturbée», pour une surface ou une couche horizontale, à un moment donné, relative aux constituants chimiques de l'atmosphère",27-30,,Valeur ajustée - première surface spécifiée,,,,,Operational
"Modèle de définition du produit 4.41 — Prévision d'ensemble prise séparément, de contrôle ou «perturbée», pour une surface ou une couche horizontale, à un moment donné, relative aux constituants chimiques de l'atmosphère",31,,Type de la deuxième surface spécifiée,(voir la table de code 4.5),,,,Operational
"Modèle de définition du produit 4.41 — Prévision d'ensemble prise séparément, de contrôle ou «perturbée», pour une surface ou une couche horizontale, à un moment donné, relative aux constituants chimiques de l'atmosphère",32,,Facteur d'échelle - deuxième surface spécifiée,,,,,Operational
"Modèle de définition du produit 4.41 — Prévision d'ensemble prise séparément, de contrôle ou «perturbée», pour une surface ou une couche horizontale, à un moment donné, relative aux constituants chimiques de l'atmosphère",33-36,,Valeur ajustée – deuxième surface spécifiée,,,,,Operational
"Modèle de définition du produit 4.41 — Prévision d'ensemble prise séparément, de contrôle ou «perturbée», pour une surface ou une couche horizontale, à un moment donné, relative aux constituants chimiques de l'atmosphère",37,,Type de la prévision d'ensemble,(voir la table de code 4.6),,,,Operational
"Modèle de définition du produit 4.41 — Prévision d'ensemble prise séparément, de contrôle ou «perturbée», pour une surface ou une couche horizontale, à un moment donné, relative aux constituants chimiques de l'atmosphère",38,,Numéro de la perturbation,,,,,Operational
"Modèle de définition du produit 4.41 — Prévision d'ensemble prise séparément, de contrôle ou «perturbée», pour une surface ou une couche horizontale, à un moment donné, relative aux constituants chimiques de l'atmosphère",39,,Nombre de prévisions dans l'ensemble,,,,,Operational
