Title_fr,OctetNo,OctetCount,Contents_fr,Note_fr,noteIDs,codeTable,flagTable,Status
"Modèle de définition du produit 4.4 — Prévision dérivée, établie à partir d'un groupe de membres de l'ensemble, appliquée à une zone circulaire, pour une surface ou une couche horizontale, à un moment donné",10,,Catégorie du paramètre,(voir la table de code 4.1),,,,Operational
"Modèle de définition du produit 4.4 — Prévision dérivée, établie à partir d'un groupe de membres de l'ensemble, appliquée à une zone circulaire, pour une surface ou une couche horizontale, à un moment donné",11,,Numéro du paramètre,(voir la table de code 4.2),,,,Operational
"Modèle de définition du produit 4.4 — Prévision dérivée, établie à partir d'un groupe de membres de l'ensemble, appliquée à une zone circulaire, pour une surface ou une couche horizontale, à un moment donné",12,,Type du processus de production,(voir la table de code 4.3),,,,Operational
"Modèle de définition du produit 4.4 — Prévision dérivée, établie à partir d'un groupe de membres de l'ensemble, appliquée à une zone circulaire, pour une surface ou une couche horizontale, à un moment donné",13,,Indicateur du processus de production de base (défini par le centre d'origine),,,,,Operational
"Modèle de définition du produit 4.4 — Prévision dérivée, établie à partir d'un groupe de membres de l'ensemble, appliquée à une zone circulaire, pour une surface ou une couche horizontale, à un moment donné",14,,Indicateur du processus de production de la prévision (défini par le centre d'origine),,,,,Operational
"Modèle de définition du produit 4.4 — Prévision dérivée, établie à partir d'un groupe de membres de l'ensemble, appliquée à une zone circulaire, pour une surface ou une couche horizontale, à un moment donné",15-16,,Limite (heures) de tombée des données d'observation après l'heure de référence,(voir la note),,,,Operational
"Modèle de définition du produit 4.4 — Prévision dérivée, établie à partir d'un groupe de membres de l'ensemble, appliquée à une zone circulaire, pour une surface ou une couche horizontale, à un moment donné",17,,Limite (minutes) de tombée des données d'observation après l'heure de référence,,,,,Operational
"Modèle de définition du produit 4.4 — Prévision dérivée, établie à partir d'un groupe de membres de l'ensemble, appliquée à une zone circulaire, pour une surface ou une couche horizontale, à un moment donné",18,,Indicateur d'unité de l'intervalle de temps,(voir la table de code 4.4),,,,Operational
"Modèle de définition du produit 4.4 — Prévision dérivée, établie à partir d'un groupe de membres de l'ensemble, appliquée à une zone circulaire, pour une surface ou une couche horizontale, à un moment donné",19-22,,Heure de la prévision exprimée dans l'unité précisée par l'octet 18,,,,,Operational
"Modèle de définition du produit 4.4 — Prévision dérivée, établie à partir d'un groupe de membres de l'ensemble, appliquée à une zone circulaire, pour une surface ou une couche horizontale, à un moment donné",23,,Type de la première surface spécifiée,(voir la table de code 4.5),,,,Operational
"Modèle de définition du produit 4.4 — Prévision dérivée, établie à partir d'un groupe de membres de l'ensemble, appliquée à une zone circulaire, pour une surface ou une couche horizontale, à un moment donné",24,,Facteur d'échelle - première surface spécifiée,,,,,Operational
"Modèle de définition du produit 4.4 — Prévision dérivée, établie à partir d'un groupe de membres de l'ensemble, appliquée à une zone circulaire, pour une surface ou une couche horizontale, à un moment donné",25-28,,Valeur ajustée - première surface spécifiée,,,,,Operational
"Modèle de définition du produit 4.4 — Prévision dérivée, établie à partir d'un groupe de membres de l'ensemble, appliquée à une zone circulaire, pour une surface ou une couche horizontale, à un moment donné",29,,Type de la deuxième surface spécifiée,(voir la table de code 4.5),,,,Operational
"Modèle de définition du produit 4.4 — Prévision dérivée, établie à partir d'un groupe de membres de l'ensemble, appliquée à une zone circulaire, pour une surface ou une couche horizontale, à un moment donné",30,,Facteur d'échelle - deuxième surface spécifiée,,,,,Operational
"Modèle de définition du produit 4.4 — Prévision dérivée, établie à partir d'un groupe de membres de l'ensemble, appliquée à une zone circulaire, pour une surface ou une couche horizontale, à un moment donné",31-34,,Valeur ajustée - deuxième surface spécifiée,,,,,Operational
"Modèle de définition du produit 4.4 — Prévision dérivée, établie à partir d'un groupe de membres de l'ensemble, appliquée à une zone circulaire, pour une surface ou une couche horizontale, à un moment donné",35,,Prévision dérivée,(voir la table de code 4.7),,,,Operational
"Modèle de définition du produit 4.4 — Prévision dérivée, établie à partir d'un groupe de membres de l'ensemble, appliquée à une zone circulaire, pour une surface ou une couche horizontale, à un moment donné",36,,Nombre de prévisions dans l'ensemble (N),,,,,Operational
"Modèle de définition du produit 4.4 — Prévision dérivée, établie à partir d'un groupe de membres de l'ensemble, appliquée à une zone circulaire, pour une surface ou une couche horizontale, à un moment donné",37,,Indicateur de groupe,,,,,Operational
"Modèle de définition du produit 4.4 — Prévision dérivée, établie à partir d'un groupe de membres de l'ensemble, appliquée à une zone circulaire, pour une surface ou une couche horizontale, à un moment donné",38,,Numéro du groupe auquel appartient la commande de haute résolution,,,,,Operational
"Modèle de définition du produit 4.4 — Prévision dérivée, établie à partir d'un groupe de membres de l'ensemble, appliquée à une zone circulaire, pour une surface ou une couche horizontale, à un moment donné",39,,Numéro du groupe auquel appartient la commande de basse résolution,,,,,Operational
"Modèle de définition du produit 4.4 — Prévision dérivée, établie à partir d'un groupe de membres de l'ensemble, appliquée à une zone circulaire, pour une surface ou une couche horizontale, à un moment donné",40,,Nombre total de groupes,,,,,Operational
"Modèle de définition du produit 4.4 — Prévision dérivée, établie à partir d'un groupe de membres de l'ensemble, appliquée à une zone circulaire, pour une surface ou une couche horizontale, à un moment donné",41,,Méthode de groupement,(voir la table de code 4.8),,,,Operational
"Modèle de définition du produit 4.4 — Prévision dérivée, établie à partir d'un groupe de membres de l'ensemble, appliquée à une zone circulaire, pour une surface ou une couche horizontale, à un moment donné",42-45,,Latitude du point central dans le domaine du groupe,,,,,Operational
"Modèle de définition du produit 4.4 — Prévision dérivée, établie à partir d'un groupe de membres de l'ensemble, appliquée à une zone circulaire, pour une surface ou une couche horizontale, à un moment donné",46-49,,Longitude du point central dans le domaine du groupe,,,,,Operational
"Modèle de définition du produit 4.4 — Prévision dérivée, établie à partir d'un groupe de membres de l'ensemble, appliquée à une zone circulaire, pour une surface ou une couche horizontale, à un moment donné",50-53,,Rayon du domaine du groupe,,,,,Operational
"Modèle de définition du produit 4.4 — Prévision dérivée, établie à partir d'un groupe de membres de l'ensemble, appliquée à une zone circulaire, pour une surface ou une couche horizontale, à un moment donné",54,,Nc - Nombre de prévisions dans le groupe,,,,,Operational
"Modèle de définition du produit 4.4 — Prévision dérivée, établie à partir d'un groupe de membres de l'ensemble, appliquée à une zone circulaire, pour une surface ou une couche horizontale, à un moment donné",55,,Facteur d'échelle - écart type dans le groupe,,,,,Operational
"Modèle de définition du produit 4.4 — Prévision dérivée, établie à partir d'un groupe de membres de l'ensemble, appliquée à une zone circulaire, pour une surface ou une couche horizontale, à un moment donné",56-59,,Valeur ajustée - écart type dans le groupe,,,,,Operational
"Modèle de définition du produit 4.4 — Prévision dérivée, établie à partir d'un groupe de membres de l'ensemble, appliquée à une zone circulaire, pour une surface ou une couche horizontale, à un moment donné",60,,Facteur d'échelle - écart entre le groupe et la moyenne de l'ensemble,,,,,Operational
"Modèle de définition du produit 4.4 — Prévision dérivée, établie à partir d'un groupe de membres de l'ensemble, appliquée à une zone circulaire, pour une surface ou une couche horizontale, à un moment donné",61-64,,Valeur ajustée - écart entre le groupe et la moyenne de l'ensemble,,,,,Operational
"Modèle de définition du produit 4.4 — Prévision dérivée, établie à partir d'un groupe de membres de l'ensemble, appliquée à une zone circulaire, pour une surface ou une couche horizontale, à un moment donné",65-(64+Nc),,Liste des Nc prévisions d'ensemble (la valeur de Nc est donnée à l'octet 54),,,,,Operational
