Title_fr,OctetNo,OctetCount,Contents_fr,Note_fr,noteIDs,codeTable,flagTable,Status
"Modèle de définition du produit 4.67 Valeurs moyennes, cumulées et/ou extrêmes, ou autres valeurs statistiques, pour une surface ou une couche horizontale, durant un intervalle de temps continu ou non, relatives aux constituants chimiques de l'atmosphère découlant d'une fonction de distribution",10,,Catégorie du paramètre,(voir la table de code 4.1),,,,Operational
"Modèle de définition du produit 4.67 Valeurs moyennes, cumulées et/ou extrêmes, ou autres valeurs statistiques, pour une surface ou une couche horizontale, durant un intervalle de temps continu ou non, relatives aux constituants chimiques de l'atmosphère découlant d'une fonction de distribution",11,,Numéro du paramètre,(voir la table de code 4.2),,,,Operational
"Modèle de définition du produit 4.67 Valeurs moyennes, cumulées et/ou extrêmes, ou autres valeurs statistiques, pour une surface ou une couche horizontale, durant un intervalle de temps continu ou non, relatives aux constituants chimiques de l'atmosphère découlant d'une fonction de distribution",12-13,,Type de constituants chimiques de l'atmosphère,(voir la table de code 4.230),,,,Operational
"Modèle de définition du produit 4.67 Valeurs moyennes, cumulées et/ou extrêmes, ou autres valeurs statistiques, pour une surface ou une couche horizontale, durant un intervalle de temps continu ou non, relatives aux constituants chimiques de l'atmosphère découlant d'une fonction de distribution",14-15,,Nombre (N) de modes de la distribution,(voir la note 1),,,,Operational
"Modèle de définition du produit 4.67 Valeurs moyennes, cumulées et/ou extrêmes, ou autres valeurs statistiques, pour une surface ou une couche horizontale, durant un intervalle de temps continu ou non, relatives aux constituants chimiques de l'atmosphère découlant d'une fonction de distribution",16-17,,Numéro du mode (I),,,,,Operational
"Modèle de définition du produit 4.67 Valeurs moyennes, cumulées et/ou extrêmes, ou autres valeurs statistiques, pour une surface ou une couche horizontale, durant un intervalle de temps continu ou non, relatives aux constituants chimiques de l'atmosphère découlant d'une fonction de distribution",18-19,,Type de fonction de distribution,(voir la table de code 4.240 et la note 2),,,,Operational
"Modèle de définition du produit 4.67 Valeurs moyennes, cumulées et/ou extrêmes, ou autres valeurs statistiques, pour une surface ou une couche horizontale, durant un intervalle de temps continu ou non, relatives aux constituants chimiques de l'atmosphère découlant d'une fonction de distribution",20,,"Nombre de paramètres de fonction qui suivent (Np), définis par le type indiqué aux octets 18 19 (Type de fonction de distribution)",,,,,Operational
"Modèle de définition du produit 4.67 Valeurs moyennes, cumulées et/ou extrêmes, ou autres valeurs statistiques, pour une surface ou une couche horizontale, durant un intervalle de temps continu ou non, relatives aux constituants chimiques de l'atmosphère découlant d'une fonction de distribution",21+5(n-1),,"Répéter les 5 octets qui suivent pour le nombre de paramètres de fonction (n = 1, Np), si Np > 0",,,,,Operational
"Modèle de définition du produit 4.67 Valeurs moyennes, cumulées et/ou extrêmes, ou autres valeurs statistiques, pour une surface ou une couche horizontale, durant un intervalle de temps continu ou non, relatives aux constituants chimiques de l'atmosphère découlant d'une fonction de distribution",(22+5(n-1))-(25+5(n-1)),,"Liste des facteurs d'échelle du paramètre fixe de la distribution (p1-pNp), défini par le type de distribution aux octets 18-19",,,,,Operational
"Modèle de définition du produit 4.67 Valeurs moyennes, cumulées et/ou extrêmes, ou autres valeurs statistiques, pour une surface ou une couche horizontale, durant un intervalle de temps continu ou non, relatives aux constituants chimiques de l'atmosphère découlant d'une fonction de distribution",21+5Np,,"Liste des valeurs ajustées du paramètre fixe de la distribution (p1-pNp), défini par le type de distribution aux octets 18-19",,,,,Operational
(Modèle de définition du produit 4.67 suite),21+5Np,,Type du processus de production,(voir la table de code 4.3),,,,Operational
(Modèle de définition du produit 4.67 suite),22+5Np,,Indicateur du processus de production de base (défini par le centre d'origine),,,,,Operational
(Modèle de définition du produit 4.67 suite),23+5Np,,Indicateur du processus de production de l'analyse ou de la prévision (défini par le centre d'origine),,,,,Operational
(Modèle de définition du produit 4.67 suite),(24+5Np)-(25+5Np),,Limite (heures) de tombée des données d'observation après l'heure de référence,(voir la note 3),,,,Operational
(Modèle de définition du produit 4.67 suite),26+5Np,,Limite (minutes) de tombée des données d'observation après l'heure de référence,,,,,Operational
(Modèle de définition du produit 4.67 suite),27+5Np,,Indicateur d'unité de l'intervalle de temps,(voir la table de code 4.4),,,,Operational
(Modèle de définition du produit 4.67 suite),(28+5Np)-(31+5Np),,Heure de la prévision exprimée dans l'unité précisée par l'octet précédent,(voir la note 4),,,,Operational
(Modèle de définition du produit 4.67 suite),32+5Np,,Type de la première surface spécifiée,(voir la table de code 4.5),,,,Operational
(Modèle de définition du produit 4.67 suite),33+5Np,,Facteur d'échelle - première surface spécifiée,,,,,Operational
(Modèle de définition du produit 4.67 suite),(34+5Np)-(37+5Np),,Valeur ajustée - première surface spécifiée,,,,,Operational
(Modèle de définition du produit 4.67 suite),38+5Np,,Type de la deuxième surface spécifiée,(voir la table de code 4.5),,,,Operational
(Modèle de définition du produit 4.67 suite),39+5Np,,Facteur d'échelle - deuxième surface spécifiée,,,,,Operational
(Modèle de définition du produit 4.67 suite),(40+5Np)-(43+5Np),,Valeur ajustée - deuxième surface spécifiée,,,,,Operational
(Modèle de définition du produit 4.67 suite),(44+5Np)-(45+5Np),,Année,,,,,Operational
(Modèle de définition du produit 4.67 suite),(46+5Np),,Mois,,,,,Operational
(Modèle de définition du produit 4.67 suite),(47+5Np),,Jour,,,,,Operational
(Modèle de définition du produit 4.67 suite),(48+5Np),,Heure,,,,,Operational
(Modèle de définition du produit 4.67 suite),(49+5Np),,Minute,,,,,Operational
(Modèle de définition du produit 4.67 suite),(50+5Np),,Seconde,,,,,Operational
(Modèle de définition du produit 4.67 suite),(51+5Np),,n - nombre des spécifications décrivant les intervalles de temps sur lesquels porte le calcul statistique du champ,,,,,Operational
(Modèle de définition du produit 4.67 suite),(52+5Np)-(55+5Np),,Nombre total de valeurs manquantes dans le calcul statistique,,,,,Operational
(Modèle de définition du produit 4.67 suite),(56+5Np)-(67+5Np),,Spécification de l'intervalle de temps le plus éloigné (ou intervalle de temps unique) sur lequel porte le calcul statistique,,,,,Operational
(Modèle de définition du produit 4.67 suite),(56+5Np),,Calcul statistique ayant permis d'obtenir le champ élaboré à partir du champ à chaque incrément de temps durant l'intervalle de temps,(voir la table de code 4.10),,,,Operational
(Modèle de définition du produit 4.67 suite),(57+5Np),,Type d'incrément de temps entre les champs successifs employé pour le calcul statistique,(voir la table de code 4.11),,,,Operational
(Modèle de définition du produit 4.67 suite),(58+5Np),,Indicateur de l'unité de temps employée pour l'intervalle de temps sur lequel porte le calcul statistique,(voir la table de code 4.4),,,,Operational
(Modèle de définition du produit 4.67 suite),(59+5Np)-(62+5Np),,"Durée de l'intervalle de temps sur lequel porte le calcul statistique, exprimée dans l'unité indiquée par l'octet précédent",,,,,Operational
(Modèle de définition du produit 4.67 suite),(63+5Np),,Indicateur de l'unité de temps employée pour l'incrément de temps entre les champs successifs,(voir la table de code 4.4),,,,Operational
(Modèle de définition du produit 4.67 suite),(64+5Np)-(67+5Np),,"Incrément de temps entre les champs successifs, exprimé dans l'unité indiquée par l'octet précédent",(voir les notes 5 et 6),,,,Operational
(Modèle de définition du produit 4.67 suite),(68+5Np)-nn,,"Ces octets figurent dans le message uniquement si n>1, nn = (55+5Np) + 12 x n",,,,,Operational
(Modèle de définition du produit 4.67 suite),(68+5Np)-(79+5Np),,"Même contenu que les octets (56+5Np) à (67+5Np), pour l'étape suivante du calcul",,,,,Operational
(Modèle de définition du produit 4.67 suite),(80+5Np)-nn,,"Spécifications des intervalles de temps supplémentaires, incluses en fonction de la valeur de n. Le contenu est le même que celui des octets (56+5Np) à (67+5Np), répétés au besoin",,,,,Operational
