Title_fr,OctetNo,OctetCount,Contents_fr,Note_fr,noteIDs,codeTable,flagTable,Status
"Modèle de définition du produit 4.79 Prévision d'ensemble prise séparément, de contrôle ou «perturbée», pour une surface ou une couche horizontale, durant un intervalle de temps continu ou non, relative aux constituants chimiques de l'atmosphère",10,,Catégorie du paramètre,(voir la table de code 4.1),,,,Operational
"Modèle de définition du produit 4.79 Prévision d'ensemble prise séparément, de contrôle ou «perturbée», pour une surface ou une couche horizontale, durant un intervalle de temps continu ou non, relative aux constituants chimiques de l'atmosphère",11,,Numéro du paramètre,(voir la table de code 4.2),,,,Operational
"Modèle de définition du produit 4.79 Prévision d'ensemble prise séparément, de contrôle ou «perturbée», pour une surface ou une couche horizontale, durant un intervalle de temps continu ou non, relative aux constituants chimiques de l'atmosphère",12-13,,Type de constituants chimiques de l'atmosphère,(voir la table de code 4.230),,,,Operational
"Modèle de définition du produit 4.79 Prévision d'ensemble prise séparément, de contrôle ou «perturbée», pour une surface ou une couche horizontale, durant un intervalle de temps continu ou non, relative aux constituants chimiques de l'atmosphère",14,,Source ou puits,(voir la table de code 4.238),,,,Operational
"Modèle de définition du produit 4.79 Prévision d'ensemble prise séparément, de contrôle ou «perturbée», pour une surface ou une couche horizontale, durant un intervalle de temps continu ou non, relative aux constituants chimiques de l'atmosphère",15,,Type du processus de production,(voir la table de code 4.3),,,,Operational
"Modèle de définition du produit 4.79 Prévision d'ensemble prise séparément, de contrôle ou «perturbée», pour une surface ou une couche horizontale, durant un intervalle de temps continu ou non, relative aux constituants chimiques de l'atmosphère",16,,Indicateur du processus de production de base (défini par le centre d'origine),,,,,Operational
"Modèle de définition du produit 4.79 Prévision d'ensemble prise séparément, de contrôle ou «perturbée», pour une surface ou une couche horizontale, durant un intervalle de temps continu ou non, relative aux constituants chimiques de l'atmosphère",17,,Indicateur du processus de production de la prévision (défini par le centre d'origine),,,,,Operational
"Modèle de définition du produit 4.79 Prévision d'ensemble prise séparément, de contrôle ou «perturbée», pour une surface ou une couche horizontale, durant un intervalle de temps continu ou non, relative aux constituants chimiques de l'atmosphère",18-19,,Limite (heures) de tombée des données après l'heure de référence,(voir la note 1),,,,Operational
"Modèle de définition du produit 4.79 Prévision d'ensemble prise séparément, de contrôle ou «perturbée», pour une surface ou une couche horizontale, durant un intervalle de temps continu ou non, relative aux constituants chimiques de l'atmosphère",20,,Limite (minutes) de tombée des données après l'heure de référence,,,,,Operational
"Modèle de définition du produit 4.79 Prévision d'ensemble prise séparément, de contrôle ou «perturbée», pour une surface ou une couche horizontale, durant un intervalle de temps continu ou non, relative aux constituants chimiques de l'atmosphère",21,,Indicateur d'unité de l'intervalle de temps,(voir la table de code 4.4),,,,Operational
"Modèle de définition du produit 4.79 Prévision d'ensemble prise séparément, de contrôle ou «perturbée», pour une surface ou une couche horizontale, durant un intervalle de temps continu ou non, relative aux constituants chimiques de l'atmosphère",22-25,,Heure de la prévision exprimée dans l'unité précisée par l'octet 20,(voir la note 2),,,,Operational
"Modèle de définition du produit 4.79 Prévision d'ensemble prise séparément, de contrôle ou «perturbée», pour une surface ou une couche horizontale, durant un intervalle de temps continu ou non, relative aux constituants chimiques de l'atmosphère",26,,Type de la première surface spécifiée,(voir la table de code 4.5),,,,Operational
"Modèle de définition du produit 4.79 Prévision d'ensemble prise séparément, de contrôle ou «perturbée», pour une surface ou une couche horizontale, durant un intervalle de temps continu ou non, relative aux constituants chimiques de l'atmosphère",27,,Facteur d'échelle - première surface spécifiée,,,,,Operational
"Modèle de définition du produit 4.79 Prévision d'ensemble prise séparément, de contrôle ou «perturbée», pour une surface ou une couche horizontale, durant un intervalle de temps continu ou non, relative aux constituants chimiques de l'atmosphère",28-31,,Valeur ajustée - première surface spécifiée,,,,,Operational
"Modèle de définition du produit 4.79 Prévision d'ensemble prise séparément, de contrôle ou «perturbée», pour une surface ou une couche horizontale, durant un intervalle de temps continu ou non, relative aux constituants chimiques de l'atmosphère",32,,Type de la deuxième surface spécifiée,(voir la table de code 4.5),,,,Operational
"Modèle de définition du produit 4.79 Prévision d'ensemble prise séparément, de contrôle ou «perturbée», pour une surface ou une couche horizontale, durant un intervalle de temps continu ou non, relative aux constituants chimiques de l'atmosphère",33,,Facteur d'échelle - deuxième surface spécifiée,,,,,Operational
"Modèle de définition du produit 4.79 Prévision d'ensemble prise séparément, de contrôle ou «perturbée», pour une surface ou une couche horizontale, durant un intervalle de temps continu ou non, relative aux constituants chimiques de l'atmosphère",34-37,,Valeur ajustée - deuxième surface spécifiée,,,,,Operational
"Modèle de définition du produit 4.79 Prévision d'ensemble prise séparément, de contrôle ou «perturbée», pour une surface ou une couche horizontale, durant un intervalle de temps continu ou non, relative aux constituants chimiques de l'atmosphère",38,,Type de la prévision d'ensemble,(voir la table de code 4.6),,,,Operational
"Modèle de définition du produit 4.79 Prévision d'ensemble prise séparément, de contrôle ou «perturbée», pour une surface ou une couche horizontale, durant un intervalle de temps continu ou non, relative aux constituants chimiques de l'atmosphère",39,,Numéro de la perturbation,,,,,Operational
"Modèle de définition du produit 4.79 Prévision d'ensemble prise séparément, de contrôle ou «perturbée», pour une surface ou une couche horizontale, durant un intervalle de temps continu ou non, relative aux constituants chimiques de l'atmosphère",40,,Nombre de prévisions dans l'ensemble,,,,,Operational
"Modèle de définition du produit 4.79 Prévision d'ensemble prise séparément, de contrôle ou «perturbée», pour une surface ou une couche horizontale, durant un intervalle de temps continu ou non, relative aux constituants chimiques de l'atmosphère",41-42,,Fin de l'intervalle de temps complet - Année,,,,,Operational
"Modèle de définition du produit 4.79 Prévision d'ensemble prise séparément, de contrôle ou «perturbée», pour une surface ou une couche horizontale, durant un intervalle de temps continu ou non, relative aux constituants chimiques de l'atmosphère",43,,Fin de l'intervalle de temps complet - Mois,,,,,Operational
"Modèle de définition du produit 4.79 Prévision d'ensemble prise séparément, de contrôle ou «perturbée», pour une surface ou une couche horizontale, durant un intervalle de temps continu ou non, relative aux constituants chimiques de l'atmosphère",44,,Fin de l'intervalle de temps complet - Jour,,,,,Operational
"Modèle de définition du produit 4.79 Prévision d'ensemble prise séparément, de contrôle ou «perturbée», pour une surface ou une couche horizontale, durant un intervalle de temps continu ou non, relative aux constituants chimiques de l'atmosphère",45,,Fin de l'intervalle de temps complet - Heure,,,,,Operational
"Modèle de définition du produit 4.79 Prévision d'ensemble prise séparément, de contrôle ou «perturbée», pour une surface ou une couche horizontale, durant un intervalle de temps continu ou non, relative aux constituants chimiques de l'atmosphère",46,,Fin de l'intervalle de temps complet - Minute,,,,,Operational
"Modèle de définition du produit 4.79 Prévision d'ensemble prise séparément, de contrôle ou «perturbée», pour une surface ou une couche horizontale, durant un intervalle de temps continu ou non, relative aux constituants chimiques de l'atmosphère",47,,Fin de l'intervalle de temps complet - Seconde,,,,,Operational
"Modèle de définition du produit 4.79 Prévision d'ensemble prise séparément, de contrôle ou «perturbée», pour une surface ou une couche horizontale, durant un intervalle de temps continu ou non, relative aux constituants chimiques de l'atmosphère",48,,n - nombre des spécifications décrivant les intervalles de temps sur lesquels porte le calcul statistique du champ,,,,,Operational
"Modèle de définition du produit 4.79 Prévision d'ensemble prise séparément, de contrôle ou «perturbée», pour une surface ou une couche horizontale, durant un intervalle de temps continu ou non, relative aux constituants chimiques de l'atmosphère",49-52,,Nombre total de valeurs manquantes dans le calcul statistique,,,,,Operational
"Modèle de définition du produit 4.79 Prévision d'ensemble prise séparément, de contrôle ou «perturbée», pour une surface ou une couche horizontale, durant un intervalle de temps continu ou non, relative aux constituants chimiques de l'atmosphère",53-64,,Spécification de l'intervalle de temps le plus éloigné (ou intervalle de temps unique) sur lequel porte le calcul statistique,,,,,Operational
"Modèle de définition du produit 4.79 Prévision d'ensemble prise séparément, de contrôle ou «perturbée», pour une surface ou une couche horizontale, durant un intervalle de temps continu ou non, relative aux constituants chimiques de l'atmosphère",53,,Calcul statistique ayant permis d'obtenir le champ élaboré à partir du champ à chaque incrément de temps durant l'intervalle de temps,(voir la table de code 4.10),,,,Operational
"Modèle de définition du produit 4.79 Prévision d'ensemble prise séparément, de contrôle ou «perturbée», pour une surface ou une couche horizontale, durant un intervalle de temps continu ou non, relative aux constituants chimiques de l'atmosphère",54,,Type d'incrément de temps entre les champs successifs employé pour le calcul statistique,(voir la table de code 4.11),,,,Operational
"Modèle de définition du produit 4.79 Prévision d'ensemble prise séparément, de contrôle ou «perturbée», pour une surface ou une couche horizontale, durant un intervalle de temps continu ou non, relative aux constituants chimiques de l'atmosphère",55,,Indicateur de l'unité de temps employée pour l'intervalle de temps sur lequel porte le calcul statistique,(voir la table de code 4.4),,,,Operational
"Modèle de définition du produit 4.79 Prévision d'ensemble prise séparément, de contrôle ou «perturbée», pour une surface ou une couche horizontale, durant un intervalle de temps continu ou non, relative aux constituants chimiques de l'atmosphère",56-59,,"Durée de l'intervalle de temps sur lequel porte le calcul statistique, exprimée dans l'unité indiquée par l'octet précédent",,,,,Operational
"Modèle de définition du produit 4.79 Prévision d'ensemble prise séparément, de contrôle ou «perturbée», pour une surface ou une couche horizontale, durant un intervalle de temps continu ou non, relative aux constituants chimiques de l'atmosphère",60,,Indicateur de l'unité de temps employée pour l'incrément de temps entre les champs successifs,(voir la table de code 4.4),,,,Operational
"Modèle de définition du produit 4.79 Prévision d'ensemble prise séparément, de contrôle ou «perturbée», pour une surface ou une couche horizontale, durant un intervalle de temps continu ou non, relative aux constituants chimiques de l'atmosphère",61-64,,"Incrément de temps entre les champs successifs, exprimé dans l'unité indiquée par l'octet précédent",(voir les notes 3 et 4),,,,Operational
(Modèle de définition du produit 4.79 suite),65-nn,,"Ces octets figurent dans le message uniquement si n>1, nn = 52 + 12 x n",,,,,Operational
(Modèle de définition du produit 4.79 suite),65-76,,"Même contenu que les octets 53 à 64, pour l'étape suivante du calcul",,,,,Operational
(Modèle de définition du produit 4.79 suite),77-nn,,"Spécifications des intervalles de temps supplémentaires, incluses en fonction de la valeur de n. Le contenu est le même que celui des octets 53 à 64, répétés au besoin",,,,,Operational
