Title_fr,OctetNo,OctetCount,Contents_fr,Note_fr,noteIDs,codeTable,flagTable,Status
"Modèle de définition du produit 4.42 — Valeurs moyennes, cumulées et/ou extrêmes, ou autres valeurs statistiques, pour une surface ou une couche horizontale, durant un intervalle de temps continu ou non, relatives aux constituants chimiques de l'atmosphère",10,,Catégorie du paramètre,(voir la table de code 4.1),,,,Operational
"Modèle de définition du produit 4.42 — Valeurs moyennes, cumulées et/ou extrêmes, ou autres valeurs statistiques, pour une surface ou une couche horizontale, durant un intervalle de temps continu ou non, relatives aux constituants chimiques de l'atmosphère",11,,Numéro du paramètre,(voir la table de code 4.2),,,,Operational
"Modèle de définition du produit 4.42 — Valeurs moyennes, cumulées et/ou extrêmes, ou autres valeurs statistiques, pour une surface ou une couche horizontale, durant un intervalle de temps continu ou non, relatives aux constituants chimiques de l'atmosphère",12-13,,Type de constituants chimiques de l'atmosphère,(voir la table de code 4.230),,,,Operational
"Modèle de définition du produit 4.42 — Valeurs moyennes, cumulées et/ou extrêmes, ou autres valeurs statistiques, pour une surface ou une couche horizontale, durant un intervalle de temps continu ou non, relatives aux constituants chimiques de l'atmosphère",14,,Type du processus de production,(voir la table de code 4.3),,,,Operational
"Modèle de définition du produit 4.42 — Valeurs moyennes, cumulées et/ou extrêmes, ou autres valeurs statistiques, pour une surface ou une couche horizontale, durant un intervalle de temps continu ou non, relatives aux constituants chimiques de l'atmosphère",15,,Indicateur du processus de production de base (défini par le centre d'origine),,,,,Operational
"Modèle de définition du produit 4.42 — Valeurs moyennes, cumulées et/ou extrêmes, ou autres valeurs statistiques, pour une surface ou une couche horizontale, durant un intervalle de temps continu ou non, relatives aux constituants chimiques de l'atmosphère",16,,Indicateur du processus de production de l'analyse ou de la prévision (défini par le centre d'origine),,,,,Operational
"Modèle de définition du produit 4.42 — Valeurs moyennes, cumulées et/ou extrêmes, ou autres valeurs statistiques, pour une surface ou une couche horizontale, durant un intervalle de temps continu ou non, relatives aux constituants chimiques de l'atmosphère",17-18,,Limite (heures) de tombée des données d'observation après l'heure de référence,(voir la note 1),,,,Operational
"Modèle de définition du produit 4.42 — Valeurs moyennes, cumulées et/ou extrêmes, ou autres valeurs statistiques, pour une surface ou une couche horizontale, durant un intervalle de temps continu ou non, relatives aux constituants chimiques de l'atmosphère",19,,Limite (minutes) de tombée des données d'observation après l'heure de référence,,,,,Operational
"Modèle de définition du produit 4.42 — Valeurs moyennes, cumulées et/ou extrêmes, ou autres valeurs statistiques, pour une surface ou une couche horizontale, durant un intervalle de temps continu ou non, relatives aux constituants chimiques de l'atmosphère",20,,Indicateur d'unité de l'intervalle de temps,(voir la table de code 4.4),,,,Operational
"Modèle de définition du produit 4.42 — Valeurs moyennes, cumulées et/ou extrêmes, ou autres valeurs statistiques, pour une surface ou une couche horizontale, durant un intervalle de temps continu ou non, relatives aux constituants chimiques de l'atmosphère",21-24,,Heure de la prévision exprimée dans l'unité précisée par l'octet 20,(voir la note 2),,,,Operational
"Modèle de définition du produit 4.42 — Valeurs moyennes, cumulées et/ou extrêmes, ou autres valeurs statistiques, pour une surface ou une couche horizontale, durant un intervalle de temps continu ou non, relatives aux constituants chimiques de l'atmosphère",25,,Type de la première surface spécifiée,(voir la table de code 4.5),,,,Operational
"Modèle de définition du produit 4.42 — Valeurs moyennes, cumulées et/ou extrêmes, ou autres valeurs statistiques, pour une surface ou une couche horizontale, durant un intervalle de temps continu ou non, relatives aux constituants chimiques de l'atmosphère",26,,Facteur d'échelle - première surface spécifiée,,,,,Operational
"Modèle de définition du produit 4.42 — Valeurs moyennes, cumulées et/ou extrêmes, ou autres valeurs statistiques, pour une surface ou une couche horizontale, durant un intervalle de temps continu ou non, relatives aux constituants chimiques de l'atmosphère",27-30,,Valeur ajustée - première surface spécifiée,,,,,Operational
"Modèle de définition du produit 4.42 — Valeurs moyennes, cumulées et/ou extrêmes, ou autres valeurs statistiques, pour une surface ou une couche horizontale, durant un intervalle de temps continu ou non, relatives aux constituants chimiques de l'atmosphère",31,,Type de la deuxième surface spécifiée,(voir la table de code 4.5),,,,Operational
"Modèle de définition du produit 4.42 — Valeurs moyennes, cumulées et/ou extrêmes, ou autres valeurs statistiques, pour une surface ou une couche horizontale, durant un intervalle de temps continu ou non, relatives aux constituants chimiques de l'atmosphère",32,,Facteur d'échelle - deuxième surface spécifiée,,,,,Operational
"Modèle de définition du produit 4.42 — Valeurs moyennes, cumulées et/ou extrêmes, ou autres valeurs statistiques, pour une surface ou une couche horizontale, durant un intervalle de temps continu ou non, relatives aux constituants chimiques de l'atmosphère",33-36,,Valeur ajustée - deuxième surface spécifiée,,,,,Operational
"Modèle de définition du produit 4.42 — Valeurs moyennes, cumulées et/ou extrêmes, ou autres valeurs statistiques, pour une surface ou une couche horizontale, durant un intervalle de temps continu ou non, relatives aux constituants chimiques de l'atmosphère",37-38,,Année,,,,,Operational
"Modèle de définition du produit 4.42 — Valeurs moyennes, cumulées et/ou extrêmes, ou autres valeurs statistiques, pour une surface ou une couche horizontale, durant un intervalle de temps continu ou non, relatives aux constituants chimiques de l'atmosphère",39,,Mois,,,,,Operational
"Modèle de définition du produit 4.42 — Valeurs moyennes, cumulées et/ou extrêmes, ou autres valeurs statistiques, pour une surface ou une couche horizontale, durant un intervalle de temps continu ou non, relatives aux constituants chimiques de l'atmosphère",40,,Jour,,,,,Operational
"Modèle de définition du produit 4.42 — Valeurs moyennes, cumulées et/ou extrêmes, ou autres valeurs statistiques, pour une surface ou une couche horizontale, durant un intervalle de temps continu ou non, relatives aux constituants chimiques de l'atmosphère",41,,Heure,,,,,Operational
"Modèle de définition du produit 4.42 — Valeurs moyennes, cumulées et/ou extrêmes, ou autres valeurs statistiques, pour une surface ou une couche horizontale, durant un intervalle de temps continu ou non, relatives aux constituants chimiques de l'atmosphère",42,,Minute,,,,,Operational
"Modèle de définition du produit 4.42 — Valeurs moyennes, cumulées et/ou extrêmes, ou autres valeurs statistiques, pour une surface ou une couche horizontale, durant un intervalle de temps continu ou non, relatives aux constituants chimiques de l'atmosphère",43,,Seconde,,,,,Operational
"Modèle de définition du produit 4.42 — Valeurs moyennes, cumulées et/ou extrêmes, ou autres valeurs statistiques, pour une surface ou une couche horizontale, durant un intervalle de temps continu ou non, relatives aux constituants chimiques de l'atmosphère",44,,n - nombre des spécifications décrivant les intervalles de temps sur lesquels porte le calcul statistique du champ,,,,,Operational
"Modèle de définition du produit 4.42 — Valeurs moyennes, cumulées et/ou extrêmes, ou autres valeurs statistiques, pour une surface ou une couche horizontale, durant un intervalle de temps continu ou non, relatives aux constituants chimiques de l'atmosphère",45-48,,Nombre total de valeurs manquantes dans le calcul statistique,,,,,Operational
"Modèle de définition du produit 4.42 — Valeurs moyennes, cumulées et/ou extrêmes, ou autres valeurs statistiques, pour une surface ou une couche horizontale, durant un intervalle de temps continu ou non, relatives aux constituants chimiques de l'atmosphère",49-60,,Spécification de l'intervalle de temps le plus éloigné (ou intervalle de temps unique) sur lequel porte le calcul statistique,,,,,Operational
"Modèle de définition du produit 4.42 — Valeurs moyennes, cumulées et/ou extrêmes, ou autres valeurs statistiques, pour une surface ou une couche horizontale, durant un intervalle de temps continu ou non, relatives aux constituants chimiques de l'atmosphère",49,,Calcul statistique ayant permis d'obtenir le champ élaboré à partir du champ à chaque incrément de temps durant l'intervalle de temps,(voir la table de code 4.10),,,,Operational
"Modèle de définition du produit 4.42 — Valeurs moyennes, cumulées et/ou extrêmes, ou autres valeurs statistiques, pour une surface ou une couche horizontale, durant un intervalle de temps continu ou non, relatives aux constituants chimiques de l'atmosphère",50,,Type d'incrément de temps entre les champs successifs employé pour le calcul statistique,(voir la table de code 4.11),,,,Operational
"Modèle de définition du produit 4.42 — Valeurs moyennes, cumulées et/ou extrêmes, ou autres valeurs statistiques, pour une surface ou une couche horizontale, durant un intervalle de temps continu ou non, relatives aux constituants chimiques de l'atmosphère",51,,Indicateur de l'unité de temps employée pour l'intervalle de temps sur lequel porte le calcul statistique,(voir la table de code 4.4),,,,Operational
"Modèle de définition du produit 4.42 — Valeurs moyennes, cumulées et/ou extrêmes, ou autres valeurs statistiques, pour une surface ou une couche horizontale, durant un intervalle de temps continu ou non, relatives aux constituants chimiques de l'atmosphère",52-55,,"Durée de l'intervalle de temps sur lequel porte le calcul statistique, exprimée dans l'unité indiquée par l'octet précédent",,,,,Operational
"Modèle de définition du produit 4.42 — Valeurs moyennes, cumulées et/ou extrêmes, ou autres valeurs statistiques, pour une surface ou une couche horizontale, durant un intervalle de temps continu ou non, relatives aux constituants chimiques de l'atmosphère",56,,Indicateur de l'unité de temps employée pour l'incrément de temps entre les champs successifs,(voir la table de code 4.4),,,,Operational
"Modèle de définition du produit 4.42 — Valeurs moyennes, cumulées et/ou extrêmes, ou autres valeurs statistiques, pour une surface ou une couche horizontale, durant un intervalle de temps continu ou non, relatives aux constituants chimiques de l'atmosphère",57-60,,"Incrément de temps entre les champs successifs, exprimé dans l'unité indiquée par l'octet précédent",(voir les notes 3 et 4),,,,Operational
"Modèle de définition du produit 4.42 — Valeurs moyennes, cumulées et/ou extrêmes, ou autres valeurs statistiques, pour une surface ou une couche horizontale, durant un intervalle de temps continu ou non, relatives aux constituants chimiques de l'atmosphère",61-nn,,"Ces octets figurent dans le message uniquement si n>1, nn = 48 + 12 x n",,,,,Operational
"Modèle de définition du produit 4.42 — Valeurs moyennes, cumulées et/ou extrêmes, ou autres valeurs statistiques, pour une surface ou une couche horizontale, durant un intervalle de temps continu ou non, relatives aux constituants chimiques de l'atmosphère",61-72,,"Même contenu que les octets 49 à 60, pour l'étape suivante du calcul",,,,,Operational
"Modèle de définition du produit 4.42 — Valeurs moyennes, cumulées et/ou extrêmes, ou autres valeurs statistiques, pour une surface ou une couche horizontale, durant un intervalle de temps continu ou non, relatives aux constituants chimiques de l'atmosphère",73-nn,,"Spécifications des intervalles de temps supplémentaires, incluses en fonction de la valeur de n. Le contenu est le même que celui des octets 49 à 60, répétés au besoin",,,,,Operational
