Title_fr,OctetNo,OctetCount,Contents_fr,Note_fr,noteIDs,codeTable,flagTable,Status
"Modèle de définition du produit 4.47 — Prévision d'ensemble prise séparément, de contrôle ou «perturbée», pour une surface ou une couche horizontale, durant un intervalle de temps continu ou non, relative aux aérosols",10,,Catégorie du paramètre,(voir la table de code 4.1),,,,Operational
"Modèle de définition du produit 4.47 — Prévision d'ensemble prise séparément, de contrôle ou «perturbée», pour une surface ou une couche horizontale, durant un intervalle de temps continu ou non, relative aux aérosols",11,,Numéro du paramètre,(voir la table de code 4.2),,,,Operational
"Modèle de définition du produit 4.47 — Prévision d'ensemble prise séparément, de contrôle ou «perturbée», pour une surface ou une couche horizontale, durant un intervalle de temps continu ou non, relative aux aérosols",12,,Type du processus de production,(voir la table de code 4.3),,,,Operational
"Modèle de définition du produit 4.47 — Prévision d'ensemble prise séparément, de contrôle ou «perturbée», pour une surface ou une couche horizontale, durant un intervalle de temps continu ou non, relative aux aérosols",13-14,,Type d'aérosol,(voir la table de code 4.233),,,,Operational
"Modèle de définition du produit 4.47 — Prévision d'ensemble prise séparément, de contrôle ou «perturbée», pour une surface ou une couche horizontale, durant un intervalle de temps continu ou non, relative aux aérosols",15,,Type d'intervalle pour la première et la deuxième taille,(voir la table de code 4.91),,,,Operational
"Modèle de définition du produit 4.47 — Prévision d'ensemble prise séparément, de contrôle ou «perturbée», pour une surface ou une couche horizontale, durant un intervalle de temps continu ou non, relative aux aérosols",16,,Facteur d'échelle de la première taille,,,,,Operational
"Modèle de définition du produit 4.47 — Prévision d'ensemble prise séparément, de contrôle ou «perturbée», pour une surface ou une couche horizontale, durant un intervalle de temps continu ou non, relative aux aérosols",17-20,,Valeur ajustée de la première taille en mètres,,,,,Operational
"Modèle de définition du produit 4.47 — Prévision d'ensemble prise séparément, de contrôle ou «perturbée», pour une surface ou une couche horizontale, durant un intervalle de temps continu ou non, relative aux aérosols",21,,Facteur d'échelle de la deuxième taille,,,,,Operational
"Modèle de définition du produit 4.47 — Prévision d'ensemble prise séparément, de contrôle ou «perturbée», pour une surface ou une couche horizontale, durant un intervalle de temps continu ou non, relative aux aérosols",22-25,,Valeur ajustée de la deuxième taille en mètres,,,,,Operational
"Modèle de définition du produit 4.47 — Prévision d'ensemble prise séparément, de contrôle ou «perturbée», pour une surface ou une couche horizontale, durant un intervalle de temps continu ou non, relative aux aérosols",26,,Indicateur du processus de production de base (défini par le centre d'origine),,,,,Operational
"Modèle de définition du produit 4.47 — Prévision d'ensemble prise séparément, de contrôle ou «perturbée», pour une surface ou une couche horizontale, durant un intervalle de temps continu ou non, relative aux aérosols",27,,Indicateur du processus de production de la prévision (défini par le centre d'origine),,,,,Operational
"Modèle de définition du produit 4.47 — Prévision d'ensemble prise séparément, de contrôle ou «perturbée», pour une surface ou une couche horizontale, durant un intervalle de temps continu ou non, relative aux aérosols",28-29,,Limite (heures) de tombée des données d'observation après l'heure de référence,(voir la note 1),,,,Operational
"Modèle de définition du produit 4.47 — Prévision d'ensemble prise séparément, de contrôle ou «perturbée», pour une surface ou une couche horizontale, durant un intervalle de temps continu ou non, relative aux aérosols",30,,Limite (minutes) de tombée des données d'observation après l'heure de référence,,,,,Operational
"Modèle de définition du produit 4.47 — Prévision d'ensemble prise séparément, de contrôle ou «perturbée», pour une surface ou une couche horizontale, durant un intervalle de temps continu ou non, relative aux aérosols",31,,Indicateur d'unité de l'intervalle de temps,(voir la table de code 4.4),,,,Operational
"Modèle de définition du produit 4.47 — Prévision d'ensemble prise séparément, de contrôle ou «perturbée», pour une surface ou une couche horizontale, durant un intervalle de temps continu ou non, relative aux aérosols",32-35,,Heure de la prévision exprimée dans l'unité précisée par l'octet 31,(voir la note 2),,,,Operational
"Modèle de définition du produit 4.47 — Prévision d'ensemble prise séparément, de contrôle ou «perturbée», pour une surface ou une couche horizontale, durant un intervalle de temps continu ou non, relative aux aérosols",36,,Type de la première surface spécifiée,(voir la table de code 4.5),,,,Operational
"Modèle de définition du produit 4.47 — Prévision d'ensemble prise séparément, de contrôle ou «perturbée», pour une surface ou une couche horizontale, durant un intervalle de temps continu ou non, relative aux aérosols",37,,Facteur d'échelle - première surface spécifiée,,,,,Operational
"Modèle de définition du produit 4.47 — Prévision d'ensemble prise séparément, de contrôle ou «perturbée», pour une surface ou une couche horizontale, durant un intervalle de temps continu ou non, relative aux aérosols",38-41,,Valeur ajustée - première surface spécifiée,,,,,Operational
"Modèle de définition du produit 4.47 — Prévision d'ensemble prise séparément, de contrôle ou «perturbée», pour une surface ou une couche horizontale, durant un intervalle de temps continu ou non, relative aux aérosols",42,,Type de la deuxième surface spécifiée,(voir la table de code 4.5),,,,Operational
"Modèle de définition du produit 4.47 — Prévision d'ensemble prise séparément, de contrôle ou «perturbée», pour une surface ou une couche horizontale, durant un intervalle de temps continu ou non, relative aux aérosols",43,,Facteur d'échelle - deuxième surface spécifiée,,,,,Operational
"Modèle de définition du produit 4.47 — Prévision d'ensemble prise séparément, de contrôle ou «perturbée», pour une surface ou une couche horizontale, durant un intervalle de temps continu ou non, relative aux aérosols",44-47,,Valeur ajustée - deuxième surface spécifiée,,,,,Operational
"Modèle de définition du produit 4.47 — Prévision d'ensemble prise séparément, de contrôle ou «perturbée», pour une surface ou une couche horizontale, durant un intervalle de temps continu ou non, relative aux aérosols",48,,Type de la prévision d'ensemble,(voir la table de code 4.6),,,,Operational
"Modèle de définition du produit 4.47 — Prévision d'ensemble prise séparément, de contrôle ou «perturbée», pour une surface ou une couche horizontale, durant un intervalle de temps continu ou non, relative aux aérosols",49,,Numéro de la perturbation,,,,,Operational
"Modèle de définition du produit 4.47 — Prévision d'ensemble prise séparément, de contrôle ou «perturbée», pour une surface ou une couche horizontale, durant un intervalle de temps continu ou non, relative aux aérosols",50,,Nombre de prévisions dans l'ensemble,,,,,Operational
"Modèle de définition du produit 4.47 — Prévision d'ensemble prise séparément, de contrôle ou «perturbée», pour une surface ou une couche horizontale, durant un intervalle de temps continu ou non, relative aux aérosols",51-52,,Année,,,,,Operational
"Modèle de définition du produit 4.47 — Prévision d'ensemble prise séparément, de contrôle ou «perturbée», pour une surface ou une couche horizontale, durant un intervalle de temps continu ou non, relative aux aérosols",53,,Mois,,,,,Operational
"Modèle de définition du produit 4.47 — Prévision d'ensemble prise séparément, de contrôle ou «perturbée», pour une surface ou une couche horizontale, durant un intervalle de temps continu ou non, relative aux aérosols",54,,Jour,,,,,Operational
"Modèle de définition du produit 4.47 — Prévision d'ensemble prise séparément, de contrôle ou «perturbée», pour une surface ou une couche horizontale, durant un intervalle de temps continu ou non, relative aux aérosols",55,,Heure,,,,,Operational
"Modèle de définition du produit 4.47 — Prévision d'ensemble prise séparément, de contrôle ou «perturbée», pour une surface ou une couche horizontale, durant un intervalle de temps continu ou non, relative aux aérosols",56,,Minute,,,,,Operational
"Modèle de définition du produit 4.47 — Prévision d'ensemble prise séparément, de contrôle ou «perturbée», pour une surface ou une couche horizontale, durant un intervalle de temps continu ou non, relative aux aérosols",57,,Seconde,,,,,Operational
"Modèle de définition du produit 4.47 — Prévision d'ensemble prise séparément, de contrôle ou «perturbée», pour une surface ou une couche horizontale, durant un intervalle de temps continu ou non, relative aux aérosols",58,,n - nombre des spécifications décrivant les intervalles de temps sur lesquels porte le calcul statistique du champ,,,,,Operational
"Modèle de définition du produit 4.47 — Prévision d'ensemble prise séparément, de contrôle ou «perturbée», pour une surface ou une couche horizontale, durant un intervalle de temps continu ou non, relative aux aérosols",59-62,,Nombre total de valeurs manquantes dans le calcul statistique,,,,,Operational
"Modèle de définition du produit 4.47 — Prévision d'ensemble prise séparément, de contrôle ou «perturbée», pour une surface ou une couche horizontale, durant un intervalle de temps continu ou non, relative aux aérosols",63-74,,Spécification de l'intervalle de temps le plus éloigné (ou intervalle de temps unique) sur lequel porte le calcul statistique,,,,,Operational
"Modèle de définition du produit 4.47 — Prévision d'ensemble prise séparément, de contrôle ou «perturbée», pour une surface ou une couche horizontale, durant un intervalle de temps continu ou non, relative aux aérosols",63,,Calcul statistique ayant permis d'obtenir le champ élaboré à partir du champ à chaque incrément de temps durant l'intervalle de temps,(voir la table de code 4.10),,,,Operational
"Modèle de définition du produit 4.47 — Prévision d'ensemble prise séparément, de contrôle ou «perturbée», pour une surface ou une couche horizontale, durant un intervalle de temps continu ou non, relative aux aérosols",64,,Type d'incrément de temps entre les champs successifs employé pour le calcul statistique,(voir la table de code 4.11),,,,Operational
"Modèle de définition du produit 4.47 — Prévision d'ensemble prise séparément, de contrôle ou «perturbée», pour une surface ou une couche horizontale, durant un intervalle de temps continu ou non, relative aux aérosols",65,,Indicateur de l'unité de temps employée pour l'intervalle de temps sur lequel porte le calcul statistique,(voir la table de code 4.4),,,,Operational
"Modèle de définition du produit 4.47 — Prévision d'ensemble prise séparément, de contrôle ou «perturbée», pour une surface ou une couche horizontale, durant un intervalle de temps continu ou non, relative aux aérosols",66-69,,"Durée de l'intervalle de temps sur lequel porte le calcul statistique, exprimée dans l'unité indiquée par l'octet précédent",,,,,Operational
"Modèle de définition du produit 4.47 — Prévision d'ensemble prise séparément, de contrôle ou «perturbée», pour une surface ou une couche horizontale, durant un intervalle de temps continu ou non, relative aux aérosols",70,,Indicateur de l'unité de temps employée pour l'incrément de temps entre les champs successifs,(voir la table de code 4.4),,,,Operational
"Modèle de définition du produit 4.47 — Prévision d'ensemble prise séparément, de contrôle ou «perturbée», pour une surface ou une couche horizontale, durant un intervalle de temps continu ou non, relative aux aérosols",71-74,,"Incrément de temps entre les champs successifs, exprimé dans l'unité indiquée par l'octet précédent",(voir les notes 3 et 4),,,,Operational
"Modèle de définition du produit 4.47 — Prévision d'ensemble prise séparément, de contrôle ou «perturbée», pour une surface ou une couche horizontale, durant un intervalle de temps continu ou non, relative aux aérosols",75-nn,,"Ces octets figurent dans le message uniquement si n>1, nn = 62 + 12 n",,,,,Operational
"Modèle de définition du produit 4.47 — Prévision d'ensemble prise séparément, de contrôle ou «perturbée», pour une surface ou une couche horizontale, durant un intervalle de temps continu ou non, relative aux aérosols",75-86,,"Même contenu que les octets 63 à 74, pour l'étape suivante du calcul",,,,,Operational
"Modèle de définition du produit 4.47 — Prévision d'ensemble prise séparément, de contrôle ou «perturbée», pour une surface ou une couche horizontale, durant un intervalle de temps continu ou non, relative aux aérosols",87-nn,,"Spécifications des intervalles de temps supplémentaires, incluses en fonction de la valeur de n. Le contenu est le même que celui des octets 63 à 74, répétés au besoin.",,,,,Operational
