Title_fr,OctetNo,OctetCount,Contents_fr,Note_fr,noteIDs,codeTable,flagTable,Status
"Modèle de définition du produit 4.82 – Valeurs moyennes, cumulées et/ou extrêmes ou autres valeurs statistiques, pour une surface ou une couche horizontale, durant un intervalle de temps continu ou non, relatives aux aérosols",10,,Catégorie du paramètre,(voir la table de code 4.1),,,,Operational
"Modèle de définition du produit 4.82 – Valeurs moyennes, cumulées et/ou extrêmes ou autres valeurs statistiques, pour une surface ou une couche horizontale, durant un intervalle de temps continu ou non, relatives aux aérosols",11,,Numéro du paramètre,(voir la table de code 4.2),,,,Operational
"Modèle de définition du produit 4.82 – Valeurs moyennes, cumulées et/ou extrêmes ou autres valeurs statistiques, pour une surface ou une couche horizontale, durant un intervalle de temps continu ou non, relatives aux aérosols",12-13,,Type d'aérosol,(voir la table de code 4.233),,,,Operational
"Modèle de définition du produit 4.82 – Valeurs moyennes, cumulées et/ou extrêmes ou autres valeurs statistiques, pour une surface ou une couche horizontale, durant un intervalle de temps continu ou non, relatives aux aérosols",14,,Source ou puits,(voir la table de code 4.238),,,,Operational
"Modèle de définition du produit 4.82 – Valeurs moyennes, cumulées et/ou extrêmes ou autres valeurs statistiques, pour une surface ou une couche horizontale, durant un intervalle de temps continu ou non, relatives aux aérosols",15,,Type d'intervalle pour la première et la deuxième taille,(voir la table de code 4.91),,,,Operational
"Modèle de définition du produit 4.82 – Valeurs moyennes, cumulées et/ou extrêmes ou autres valeurs statistiques, pour une surface ou une couche horizontale, durant un intervalle de temps continu ou non, relatives aux aérosols",16,,Facteur d'échelle de la première taille,,,,,Operational
"Modèle de définition du produit 4.82 – Valeurs moyennes, cumulées et/ou extrêmes ou autres valeurs statistiques, pour une surface ou une couche horizontale, durant un intervalle de temps continu ou non, relatives aux aérosols",17-20,,Valeur ajustée de la première taille en mètres,,,,,Operational
"Modèle de définition du produit 4.82 – Valeurs moyennes, cumulées et/ou extrêmes ou autres valeurs statistiques, pour une surface ou une couche horizontale, durant un intervalle de temps continu ou non, relatives aux aérosols",21,,Facteur d'échelle de la deuxième taille,,,,,Operational
"Modèle de définition du produit 4.82 – Valeurs moyennes, cumulées et/ou extrêmes ou autres valeurs statistiques, pour une surface ou une couche horizontale, durant un intervalle de temps continu ou non, relatives aux aérosols",22-25,,Valeur ajustée de la deuxième taille en mètres,,,,,Operational
"Modèle de définition du produit 4.82 – Valeurs moyennes, cumulées et/ou extrêmes ou autres valeurs statistiques, pour une surface ou une couche horizontale, durant un intervalle de temps continu ou non, relatives aux aérosols",26,,Type du processus de production,(voir la table de code 4.3),,,,Operational
"Modèle de définition du produit 4.82 – Valeurs moyennes, cumulées et/ou extrêmes ou autres valeurs statistiques, pour une surface ou une couche horizontale, durant un intervalle de temps continu ou non, relatives aux aérosols",27,,Indicateur du processus de production de base (défini par le centre d'origine),,,,,Operational
"Modèle de définition du produit 4.82 – Valeurs moyennes, cumulées et/ou extrêmes ou autres valeurs statistiques, pour une surface ou une couche horizontale, durant un intervalle de temps continu ou non, relatives aux aérosols",28,,Indicateur du processus de production de l'analyse ou de la prévision (défini par le centre d'origine),,,,,Operational
"Modèle de définition du produit 4.82 – Valeurs moyennes, cumulées et/ou extrêmes ou autres valeurs statistiques, pour une surface ou une couche horizontale, durant un intervalle de temps continu ou non, relatives aux aérosols",29-30,,Limite (heures) de tombée des données après l'heure de référence,(voir la note 1),,,,Operational
"Modèle de définition du produit 4.82 – Valeurs moyennes, cumulées et/ou extrêmes ou autres valeurs statistiques, pour une surface ou une couche horizontale, durant un intervalle de temps continu ou non, relatives aux aérosols",31,,Limite (minutes) de tombée des données après l'heure de référence,,,,,Operational
"Modèle de définition du produit 4.82 – Valeurs moyennes, cumulées et/ou extrêmes ou autres valeurs statistiques, pour une surface ou une couche horizontale, durant un intervalle de temps continu ou non, relatives aux aérosols",32,,Indicateur d'unité de l'intervalle de temps,(voir la table de code 4.4),,,,Operational
"Modèle de définition du produit 4.82 – Valeurs moyennes, cumulées et/ou extrêmes ou autres valeurs statistiques, pour une surface ou une couche horizontale, durant un intervalle de temps continu ou non, relatives aux aérosols",33-36,,Heure de la prévision exprimée dans l'unité précisée par l'octet 31,(voir la note 2),,,,Operational
"Modèle de définition du produit 4.82 – Valeurs moyennes, cumulées et/ou extrêmes ou autres valeurs statistiques, pour une surface ou une couche horizontale, durant un intervalle de temps continu ou non, relatives aux aérosols",37,,Type de la première surface spécifiée,(voir la table de code 4.5),,,,Operational
"Modèle de définition du produit 4.82 – Valeurs moyennes, cumulées et/ou extrêmes ou autres valeurs statistiques, pour une surface ou une couche horizontale, durant un intervalle de temps continu ou non, relatives aux aérosols",38,,Facteur d'échelle - première surface spécifiée,,,,,Operational
"Modèle de définition du produit 4.82 – Valeurs moyennes, cumulées et/ou extrêmes ou autres valeurs statistiques, pour une surface ou une couche horizontale, durant un intervalle de temps continu ou non, relatives aux aérosols",39-42,,Valeur ajustée - première surface spécifiée,,,,,Operational
"Modèle de définition du produit 4.82 – Valeurs moyennes, cumulées et/ou extrêmes ou autres valeurs statistiques, pour une surface ou une couche horizontale, durant un intervalle de temps continu ou non, relatives aux aérosols",43,,Type de la deuxième surface spécifiée,(voir la table de code 4.5),,,,Operational
"Modèle de définition du produit 4.82 – Valeurs moyennes, cumulées et/ou extrêmes ou autres valeurs statistiques, pour une surface ou une couche horizontale, durant un intervalle de temps continu ou non, relatives aux aérosols",44,,Facteur d'échelle - deuxième surface spécifiée,,,,,Operational
"Modèle de définition du produit 4.82 – Valeurs moyennes, cumulées et/ou extrêmes ou autres valeurs statistiques, pour une surface ou une couche horizontale, durant un intervalle de temps continu ou non, relatives aux aérosols",45-48,,Valeur ajustée - deuxième surface spécifiée,,,,,Operational
"Modèle de définition du produit 4.82 – Valeurs moyennes, cumulées et/ou extrêmes ou autres valeurs statistiques, pour une surface ou une couche horizontale, durant un intervalle de temps continu ou non, relatives aux aérosols",49-50,,Année,,,,,Operational
"Modèle de définition du produit 4.82 – Valeurs moyennes, cumulées et/ou extrêmes ou autres valeurs statistiques, pour une surface ou une couche horizontale, durant un intervalle de temps continu ou non, relatives aux aérosols",51,,Mois,,,,,Operational
"Modèle de définition du produit 4.82 – Valeurs moyennes, cumulées et/ou extrêmes ou autres valeurs statistiques, pour une surface ou une couche horizontale, durant un intervalle de temps continu ou non, relatives aux aérosols",52,,Jour,,,,,Operational
"Modèle de définition du produit 4.82 – Valeurs moyennes, cumulées et/ou extrêmes ou autres valeurs statistiques, pour une surface ou une couche horizontale, durant un intervalle de temps continu ou non, relatives aux aérosols",53,,Heure,,,,,Operational
"Modèle de définition du produit 4.82 – Valeurs moyennes, cumulées et/ou extrêmes ou autres valeurs statistiques, pour une surface ou une couche horizontale, durant un intervalle de temps continu ou non, relatives aux aérosols",54,,Minute,,,,,Operational
"Modèle de définition du produit 4.82 – Valeurs moyennes, cumulées et/ou extrêmes ou autres valeurs statistiques, pour une surface ou une couche horizontale, durant un intervalle de temps continu ou non, relatives aux aérosols",55,,Seconde,,,,,Operational
"Modèle de définition du produit 4.82 – Valeurs moyennes, cumulées et/ou extrêmes ou autres valeurs statistiques, pour une surface ou une couche horizontale, durant un intervalle de temps continu ou non, relatives aux aérosols",56,,n - nombre des spécifications décrivant les intervalles de temps sur lesquels porte le calcul statistique du champ,,,,,Operational
"Modèle de définition du produit 4.82 – Valeurs moyennes, cumulées et/ou extrêmes ou autres valeurs statistiques, pour une surface ou une couche horizontale, durant un intervalle de temps continu ou non, relatives aux aérosols",57-60,,Nombre total de valeurs manquantes dans le calcul statistique,,,,,Operational
"Modèle de définition du produit 4.82 – Valeurs moyennes, cumulées et/ou extrêmes ou autres valeurs statistiques, pour une surface ou une couche horizontale, durant un intervalle de temps continu ou non, relatives aux aérosols",61-72,,Spécification de l'intervalle de temps le plus éloigné (ou intervalle de temps unique) sur lequel porte le calcul statistique,,,,,Operational
"Modèle de définition du produit 4.82 – Valeurs moyennes, cumulées et/ou extrêmes ou autres valeurs statistiques, pour une surface ou une couche horizontale, durant un intervalle de temps continu ou non, relatives aux aérosols",61,,Calcul statistique ayant permis d'obtenir le champ élaboré à partir du champ à chaque incrément de temps durant l'intervalle de temps,(voir la table de code 4.10),,,,Operational
"Modèle de définition du produit 4.82 – Valeurs moyennes, cumulées et/ou extrêmes ou autres valeurs statistiques, pour une surface ou une couche horizontale, durant un intervalle de temps continu ou non, relatives aux aérosols",62,,Type d'incrément de temps entre les champs successifs employé pour le calcul statistique,(voir la table de code 4.11),,,,Operational
"Modèle de définition du produit 4.82 – Valeurs moyennes, cumulées et/ou extrêmes ou autres valeurs statistiques, pour une surface ou une couche horizontale, durant un intervalle de temps continu ou non, relatives aux aérosols",63,,Indicateur de l'unité de temps employée pour l'intervalle de temps sur lequel porte le calcul statistique,(voir la table de code 4.4),,,,Operational
"Modèle de définition du produit 4.82 – Valeurs moyennes, cumulées et/ou extrêmes ou autres valeurs statistiques, pour une surface ou une couche horizontale, durant un intervalle de temps continu ou non, relatives aux aérosols",64-67,,"Durée de l'intervalle de temps sur lequel porte le calcul statistique, exprimée dans l'unité indiquée par l'octet précédent",,,,,Operational
(Modèle de définition du produit 4.82 suite),68,,Indicateur de l'unité de temps employée pour l'incrément de temps entre les champs successifs,(voir la table de code 4.4),,,,Operational
(Modèle de définition du produit 4.82 suite),69-72,,"Incrément de temps entre les champs successifs, exprimé dans l'unité indiquée par l'octet précédent",(voir les notes 3 et 4),,,,Operational
(Modèle de définition du produit 4.82 suite),73-nn,,"Ces octets figurent dans le message uniquement si n>1, nn = 60 + 12 x n",,,,,Operational
(Modèle de définition du produit 4.82 suite),73-84,,"Même contenu que les octets 61 à 72, pour l'étape suivante du calcul",,,,,Operational
(Modèle de définition du produit 4.82 suite),85-nn,,"Spécifications des intervalles de temps supplémentaires, incluses en fonction de la valeur de n. Le contenu est le même que celui des octets 61 à 72, répétés au besoin",,,,,Operational
