Title_fr,OctetNo,OctetCount,Contents_fr,Note_fr,noteIDs,codeTable,flagTable,Status
"Modèle de définition du produit 4.54 — Prévision d'ensemble prise séparément, de contrôle ou «perturbée», pour une surface ou une couche horizontale, à un moment donné, relative aux paramètres partitionnés",10,,Catégorie du paramètre,(voir la table de code 4.1),,,,Operational
"Modèle de définition du produit 4.54 — Prévision d'ensemble prise séparément, de contrôle ou «perturbée», pour une surface ou une couche horizontale, à un moment donné, relative aux paramètres partitionnés",11,,Numéro du paramètre,(voir la table de code 4.2 et les notes 2 et 3),,,,Operational
"Modèle de définition du produit 4.54 — Prévision d'ensemble prise séparément, de contrôle ou «perturbée», pour une surface ou une couche horizontale, à un moment donné, relative aux paramètres partitionnés",12,,Numéro de table de partition (PTN),(voir les notes 1 et 3),,,,Operational
"Modèle de définition du produit 4.54 — Prévision d'ensemble prise séparément, de contrôle ou «perturbée», pour une surface ou une couche horizontale, à un moment donné, relative aux paramètres partitionnés",13,,Nombre de partitions (NP),(voir la note 1),,,,Operational
"Modèle de définition du produit 4.54 — Prévision d'ensemble prise séparément, de contrôle ou «perturbée», pour une surface ou une couche horizontale, à un moment donné, relative aux paramètres partitionnés",14-(14+2NP-1),,Ensemble de partitions (énumérer tous les numéros de partition de cet ensemble),(voir la table de code 4.PTN et la note 1),,,,Operational
"Modèle de définition du produit 4.54 — Prévision d'ensemble prise séparément, de contrôle ou «perturbée», pour une surface ou une couche horizontale, à un moment donné, relative aux paramètres partitionnés",(14+2NP)-(15+2NP),,Numéro de partition (PN),(voir la table de code 4.PTN et la note 3),,,,Operational
"Modèle de définition du produit 4.54 — Prévision d'ensemble prise séparément, de contrôle ou «perturbée», pour une surface ou une couche horizontale, à un moment donné, relative aux paramètres partitionnés",(16+2NP),,Type du processus de production,(voir la table de code 4.3),,,,Operational
"Modèle de définition du produit 4.54 — Prévision d'ensemble prise séparément, de contrôle ou «perturbée», pour une surface ou une couche horizontale, à un moment donné, relative aux paramètres partitionnés",(17+2NP),,Indicateur du processus de production de base (défini par le centre d'origine),,,,,Operational
"Modèle de définition du produit 4.54 — Prévision d'ensemble prise séparément, de contrôle ou «perturbée», pour une surface ou une couche horizontale, à un moment donné, relative aux paramètres partitionnés",(18+2NP),,Indicateur du processus de production de l'analyse ou de la prévision (défini par le centre d'origine),,,,,Operational
"Modèle de définition du produit 4.54 — Prévision d'ensemble prise séparément, de contrôle ou «perturbée», pour une surface ou une couche horizontale, à un moment donné, relative aux paramètres partitionnés",(19+2NP)-(20+2NP),,Limite (heures) de tombée des données d'observation après l'heure de référence,(voir la note 1),,,,Operational
"Modèle de définition du produit 4.54 — Prévision d'ensemble prise séparément, de contrôle ou «perturbée», pour une surface ou une couche horizontale, à un moment donné, relative aux paramètres partitionnés",(21+2NP),,Limite (minutes) de tombée des données d'observation après l'heure de référence,,,,,Operational
"Modèle de définition du produit 4.54 — Prévision d'ensemble prise séparément, de contrôle ou «perturbée», pour une surface ou une couche horizontale, à un moment donné, relative aux paramètres partitionnés",(22+2NP),,Indicateur d'unité de l'intervalle de temps,(voir la table de code 4.4),,,,Operational
"Modèle de définition du produit 4.54 — Prévision d'ensemble prise séparément, de contrôle ou «perturbée», pour une surface ou une couche horizontale, à un moment donné, relative aux paramètres partitionnés",(23+2NP)-(26+2NP),,Heure de la prévision exprimée dans l'unité précisée par l'octet (22+2NP),,,,,Operational
"Modèle de définition du produit 4.54 — Prévision d'ensemble prise séparément, de contrôle ou «perturbée», pour une surface ou une couche horizontale, à un moment donné, relative aux paramètres partitionnés",(27+2NP),,Type de la première surface spécifiée,(voir la table de code 4.5),,,,Operational
"Modèle de définition du produit 4.54 — Prévision d'ensemble prise séparément, de contrôle ou «perturbée», pour une surface ou une couche horizontale, à un moment donné, relative aux paramètres partitionnés",(28+2NP),,Facteur d'échelle - première surface spécifiée,,,,,Operational
"Modèle de définition du produit 4.54 — Prévision d'ensemble prise séparément, de contrôle ou «perturbée», pour une surface ou une couche horizontale, à un moment donné, relative aux paramètres partitionnés",(29+2NP)-(32+2NP),,Valeur ajustée - première surface spécifiée,,,,,Operational
"Modèle de définition du produit 4.54 — Prévision d'ensemble prise séparément, de contrôle ou «perturbée», pour une surface ou une couche horizontale, à un moment donné, relative aux paramètres partitionnés",(33+2NP),,Type de la deuxième surface spécifiée,(voir la table de code 4.5),,,,Operational
"Modèle de définition du produit 4.54 — Prévision d'ensemble prise séparément, de contrôle ou «perturbée», pour une surface ou une couche horizontale, à un moment donné, relative aux paramètres partitionnés",(34+2NP),,Facteur d'échelle - deuxième surface spécifiée,,,,,Operational
"Modèle de définition du produit 4.54 — Prévision d'ensemble prise séparément, de contrôle ou «perturbée», pour une surface ou une couche horizontale, à un moment donné, relative aux paramètres partitionnés",(35+2NP)-(38+2NP),,Valeur ajustée - deuxième surface spécifiée,,,,,Operational
"Modèle de définition du produit 4.54 — Prévision d'ensemble prise séparément, de contrôle ou «perturbée», pour une surface ou une couche horizontale, à un moment donné, relative aux paramètres partitionnés",(39+2NP),,Type de la prévision d'ensemble,(voir la table de code 4.6),,,,Operational
"Modèle de définition du produit 4.54 — Prévision d'ensemble prise séparément, de contrôle ou «perturbée», pour une surface ou une couche horizontale, à un moment donné, relative aux paramètres partitionnés",(40+2NP),,Numéro de la perturbation,,,,,Operational
"Modèle de définition du produit 4.54 — Prévision d'ensemble prise séparément, de contrôle ou «perturbée», pour une surface ou une couche horizontale, à un moment donné, relative aux paramètres partitionnés",(41+2NP),,Nombre de prévisions dans l'ensemble,,,,,Operational
