Title_fr,OctetNo,OctetCount,Contents_fr,Note_fr,noteIDs,codeTable,flagTable,Status
"Modèle de définition du produit 4.8 — Valeurs moyennes, cumulées et/ou extrêmes, ou autres valeurs statistiques, pour une surface ou une couche horizontale, durant un intervalle de temps continu ou non",10,,Catégorie du paramètre,(voir la table de code 4.1),,,,Operational
"Modèle de définition du produit 4.8 — Valeurs moyennes, cumulées et/ou extrêmes, ou autres valeurs statistiques, pour une surface ou une couche horizontale, durant un intervalle de temps continu ou non",11,,Numéro du paramètre,(voir la table de code 4.2),,,,Operational
"Modèle de définition du produit 4.8 — Valeurs moyennes, cumulées et/ou extrêmes, ou autres valeurs statistiques, pour une surface ou une couche horizontale, durant un intervalle de temps continu ou non",12,,Type du processus de production,(voir la table de code 4.3),,,,Operational
"Modèle de définition du produit 4.8 — Valeurs moyennes, cumulées et/ou extrêmes, ou autres valeurs statistiques, pour une surface ou une couche horizontale, durant un intervalle de temps continu ou non",13,,Indicateur du processus de production de base (défini par le centre d'origine),,,,,Operational
"Modèle de définition du produit 4.8 — Valeurs moyennes, cumulées et/ou extrêmes, ou autres valeurs statistiques, pour une surface ou une couche horizontale, durant un intervalle de temps continu ou non",14,,Indicateur du processus de production de l'analyse ou de la prévision (défini par le centre d'origine),,,,,Operational
"Modèle de définition du produit 4.8 — Valeurs moyennes, cumulées et/ou extrêmes, ou autres valeurs statistiques, pour une surface ou une couche horizontale, durant un intervalle de temps continu ou non",15-16,,Limite (heures) de tombée des données d'observation après l'heure de référence,(voir la note 1),,,,Operational
"Modèle de définition du produit 4.8 — Valeurs moyennes, cumulées et/ou extrêmes, ou autres valeurs statistiques, pour une surface ou une couche horizontale, durant un intervalle de temps continu ou non",17,,Limite (minutes) de tombée des données d'observation après l'heure de référence,,,,,Operational
"Modèle de définition du produit 4.8 — Valeurs moyennes, cumulées et/ou extrêmes, ou autres valeurs statistiques, pour une surface ou une couche horizontale, durant un intervalle de temps continu ou non",18,,Indicateur d'unité de l'intervalle de temps,(voir la table de code 4.4),,,,Operational
"Modèle de définition du produit 4.8 — Valeurs moyennes, cumulées et/ou extrêmes, ou autres valeurs statistiques, pour une surface ou une couche horizontale, durant un intervalle de temps continu ou non",19-22,,Heure de la prévision exprimée dans l'unité précisée par l'octet 18,(voir la note 2),,,,Operational
"Modèle de définition du produit 4.8 — Valeurs moyennes, cumulées et/ou extrêmes, ou autres valeurs statistiques, pour une surface ou une couche horizontale, durant un intervalle de temps continu ou non",23,,Type de la première surface spécifiée,(voir la table de code 4.5),,,,Operational
"Modèle de définition du produit 4.8 — Valeurs moyennes, cumulées et/ou extrêmes, ou autres valeurs statistiques, pour une surface ou une couche horizontale, durant un intervalle de temps continu ou non",24,,Facteur d'échelle - première surface spécifiée,,,,,Operational
"Modèle de définition du produit 4.8 — Valeurs moyennes, cumulées et/ou extrêmes, ou autres valeurs statistiques, pour une surface ou une couche horizontale, durant un intervalle de temps continu ou non",25-28,,Valeur ajustée - première surface spécifiée,,,,,Operational
"Modèle de définition du produit 4.8 — Valeurs moyennes, cumulées et/ou extrêmes, ou autres valeurs statistiques, pour une surface ou une couche horizontale, durant un intervalle de temps continu ou non",29,,Type de la deuxième surface spécifiée,(voir la table de code 4.5),,,,Operational
"Modèle de définition du produit 4.8 — Valeurs moyennes, cumulées et/ou extrêmes, ou autres valeurs statistiques, pour une surface ou une couche horizontale, durant un intervalle de temps continu ou non",30,,Facteur d'échelle - deuxième surface spécifiée,,,,,Operational
"Modèle de définition du produit 4.8 — Valeurs moyennes, cumulées et/ou extrêmes, ou autres valeurs statistiques, pour une surface ou une couche horizontale, durant un intervalle de temps continu ou non",31-34,,Valeur ajustée - deuxième surface spécifiée,,,,,Operational
"Modèle de définition du produit 4.8 — Valeurs moyennes, cumulées et/ou extrêmes, ou autres valeurs statistiques, pour une surface ou une couche horizontale, durant un intervalle de temps continu ou non",35-36,,Année,,,,,Operational
"Modèle de définition du produit 4.8 — Valeurs moyennes, cumulées et/ou extrêmes, ou autres valeurs statistiques, pour une surface ou une couche horizontale, durant un intervalle de temps continu ou non",37,,Mois,,,,,Operational
"Modèle de définition du produit 4.8 — Valeurs moyennes, cumulées et/ou extrêmes, ou autres valeurs statistiques, pour une surface ou une couche horizontale, durant un intervalle de temps continu ou non",38,,Jour,,,,,Operational
"Modèle de définition du produit 4.8 — Valeurs moyennes, cumulées et/ou extrêmes, ou autres valeurs statistiques, pour une surface ou une couche horizontale, durant un intervalle de temps continu ou non",39,,Heure,,,,,Operational
"Modèle de définition du produit 4.8 — Valeurs moyennes, cumulées et/ou extrêmes, ou autres valeurs statistiques, pour une surface ou une couche horizontale, durant un intervalle de temps continu ou non",40,,Minute,,,,,Operational
"Modèle de définition du produit 4.8 — Valeurs moyennes, cumulées et/ou extrêmes, ou autres valeurs statistiques, pour une surface ou une couche horizontale, durant un intervalle de temps continu ou non",41,,Seconde,,,,,Operational
"Modèle de définition du produit 4.8 — Valeurs moyennes, cumulées et/ou extrêmes, ou autres valeurs statistiques, pour une surface ou une couche horizontale, durant un intervalle de temps continu ou non",42,,n nombre des spécifications décrivant les intervalles de temps sur lesquels porte le calcul statistique du champ,,,,,Operational
"Modèle de définition du produit 4.8 — Valeurs moyennes, cumulées et/ou extrêmes, ou autres valeurs statistiques, pour une surface ou une couche horizontale, durant un intervalle de temps continu ou non",43-46,,Nombre total de valeurs manquantes dans le calcul statistique,,,,,Operational
"Modèle de définition du produit 4.8 — Valeurs moyennes, cumulées et/ou extrêmes, ou autres valeurs statistiques, pour une surface ou une couche horizontale, durant un intervalle de temps continu ou non",47-58,,Spécification de l'intervalle de temps le plus éloigné (ou intervalle de temps unique) sur lequel porte le calcul statistique,,,,,Operational
"Modèle de définition du produit 4.8 — Valeurs moyennes, cumulées et/ou extrêmes, ou autres valeurs statistiques, pour une surface ou une couche horizontale, durant un intervalle de temps continu ou non",47,,Calcul statistique ayant permis d'obtenir le champ élaboré à partir du champ à chaque incrément de temps durant l'intervalle de temps,(voir la table de code 4.10),,,,Operational
"Modèle de définition du produit 4.8 — Valeurs moyennes, cumulées et/ou extrêmes, ou autres valeurs statistiques, pour une surface ou une couche horizontale, durant un intervalle de temps continu ou non",48,,Type d'incrément de temps entre les champs successifs employé pour le calcul statistique,(voir la table de code 4.11),,,,Operational
"Modèle de définition du produit 4.8 — Valeurs moyennes, cumulées et/ou extrêmes, ou autres valeurs statistiques, pour une surface ou une couche horizontale, durant un intervalle de temps continu ou non",49,,Indicateur de l'unité de temps employée pour l'intervalle de temps sur lequel porte le calcul statistique,(voir la table de code 4.4),,,,Operational
"Modèle de définition du produit 4.8 — Valeurs moyennes, cumulées et/ou extrêmes, ou autres valeurs statistiques, pour une surface ou une couche horizontale, durant un intervalle de temps continu ou non",50-53,,"Durée de l'intervalle de temps sur lequel porte le calcul statistique, exprimée dans l'unité indiquée par l'octet précédent",,,,,Operational
"Modèle de définition du produit 4.8 — Valeurs moyennes, cumulées et/ou extrêmes, ou autres valeurs statistiques, pour une surface ou une couche horizontale, durant un intervalle de temps continu ou non",54,,Indicateur de l'unité de temps employée pour l'incrément de temps entre les champs successifs,(voir la table de code 4.4),,,,Operational
"Modèle de définition du produit 4.8 — Valeurs moyennes, cumulées et/ou extrêmes, ou autres valeurs statistiques, pour une surface ou une couche horizontale, durant un intervalle de temps continu ou non",55-58,,"Incrément de temps entre les champs successifs, exprimé dans l'unité indiquée par l'octet précédent",(voir la note 3 et la note 4),,,,Operational
"Modèle de définition du produit 4.8 — Valeurs moyennes, cumulées et/ou extrêmes, ou autres valeurs statistiques, pour une surface ou une couche horizontale, durant un intervalle de temps continu ou non",59-nn,,"Ces octets figurent dans le message uniquement si n>1, nn = 46 + 12 x n",,,,,Operational
"Modèle de définition du produit 4.8 — Valeurs moyennes, cumulées et/ou extrêmes, ou autres valeurs statistiques, pour une surface ou une couche horizontale, durant un intervalle de temps continu ou non",59-70,,"Même contenu que les octets 47 à 58, pour l'étape suivante du calcul",,,,,Operational
"Modèle de définition du produit 4.8 — Valeurs moyennes, cumulées et/ou extrêmes, ou autres valeurs statistiques, pour une surface ou une couche horizontale, durant un intervalle de temps continu ou non",71-nn,,"Spécifications des intervalles de temps supplémentaires, incluses en fonction de la valeur de n. Le contenu est le même que celui des octets 47à 58, répétés au besoin",,,,,Operational
