Title_fr,OctetNo,OctetCount,Contents_fr,Note_fr,noteIDs,codeTable,flagTable,Status
"Modèle de définition du produit 4.62 Valeurs moyennes, cumulées et/ou extrêmes, ou autres valeurs statistiques, pour une surface ou une couche horizontale, durant un intervalle de temps continu ou non, relatives à la dynamique spatio temporelle de mosaïques pour une surface ou une couche horizontale, à un moment donné",10,,Catégorie du paramètre,(voir la table de code 4.1),,,,Operational
"Modèle de définition du produit 4.62 Valeurs moyennes, cumulées et/ou extrêmes, ou autres valeurs statistiques, pour une surface ou une couche horizontale, durant un intervalle de temps continu ou non, relatives à la dynamique spatio temporelle de mosaïques pour une surface ou une couche horizontale, à un moment donné",11,,Numéro du paramètre,(voir la table de code 4.2),,,,Operational
"Modèle de définition du produit 4.62 Valeurs moyennes, cumulées et/ou extrêmes, ou autres valeurs statistiques, pour une surface ou une couche horizontale, durant un intervalle de temps continu ou non, relatives à la dynamique spatio temporelle de mosaïques pour une surface ou une couche horizontale, à un moment donné",12,,Classification des dalles,(voir la table de code 4.242),,,,Operational
"Modèle de définition du produit 4.62 Valeurs moyennes, cumulées et/ou extrêmes, ou autres valeurs statistiques, pour une surface ou une couche horizontale, durant un intervalle de temps continu ou non, relatives à la dynamique spatio temporelle de mosaïques pour une surface ou une couche horizontale, à un moment donné",13,,Nombre total (NT) de paires de dalles ou de caractéristiques,(voir les notes 1 et 2),,,,Operational
"Modèle de définition du produit 4.62 Valeurs moyennes, cumulées et/ou extrêmes, ou autres valeurs statistiques, pour une surface ou une couche horizontale, durant un intervalle de temps continu ou non, relatives à la dynamique spatio temporelle de mosaïques pour une surface ou une couche horizontale, à un moment donné",14,,Nombre de dalles spatiales utilisées (NUT),(voir les notes 1 et 2),,,,Operational
"Modèle de définition du produit 4.62 Valeurs moyennes, cumulées et/ou extrêmes, ou autres valeurs statistiques, pour une surface ou une couche horizontale, durant un intervalle de temps continu ou non, relatives à la dynamique spatio temporelle de mosaïques pour une surface ou une couche horizontale, à un moment donné",15,,"Indice de dalle (ITN = {1,..., NUT})",(voir la note 1),,,,Operational
"Modèle de définition du produit 4.62 Valeurs moyennes, cumulées et/ou extrêmes, ou autres valeurs statistiques, pour une surface ou une couche horizontale, durant un intervalle de temps continu ou non, relatives à la dynamique spatio temporelle de mosaïques pour une surface ou une couche horizontale, à un moment donné",16,,Nombre de caractéristiques de dalle utilisées (NAT) pour ITN,(voir la note 1),,,,Operational
"Modèle de définition du produit 4.62 Valeurs moyennes, cumulées et/ou extrêmes, ou autres valeurs statistiques, pour une surface ou une couche horizontale, durant un intervalle de temps continu ou non, relatives à la dynamique spatio temporelle de mosaïques pour une surface ou une couche horizontale, à un moment donné",17,,"Caractéristique de la dalle (A = {A(1),..., A(NAT(ITN))})",(voir la table de code 4.241)  (voir la note 1),,,,Operational
"Modèle de définition du produit 4.62 Valeurs moyennes, cumulées et/ou extrêmes, ou autres valeurs statistiques, pour une surface ou une couche horizontale, durant un intervalle de temps continu ou non, relatives à la dynamique spatio temporelle de mosaïques pour une surface ou une couche horizontale, à un moment donné",18,,Type du processus de production,(voir la table de code 4.3),,,,Operational
"Modèle de définition du produit 4.62 Valeurs moyennes, cumulées et/ou extrêmes, ou autres valeurs statistiques, pour une surface ou une couche horizontale, durant un intervalle de temps continu ou non, relatives à la dynamique spatio temporelle de mosaïques pour une surface ou une couche horizontale, à un moment donné",19,,Indicateur du processus de production de base (défini par le centre d'origine),,,,,Operational
"Modèle de définition du produit 4.62 Valeurs moyennes, cumulées et/ou extrêmes, ou autres valeurs statistiques, pour une surface ou une couche horizontale, durant un intervalle de temps continu ou non, relatives à la dynamique spatio temporelle de mosaïques pour une surface ou une couche horizontale, à un moment donné",20,,Indicateur du processus de production de l'analyse ou de la prévision (défini par le centre d'origine),,,,,Operational
"Modèle de définition du produit 4.62 Valeurs moyennes, cumulées et/ou extrêmes, ou autres valeurs statistiques, pour une surface ou une couche horizontale, durant un intervalle de temps continu ou non, relatives à la dynamique spatio temporelle de mosaïques pour une surface ou une couche horizontale, à un moment donné",21-22,,Limite (heures) de tombée des données d'observation après l'heure de référence,(voir la note 3),,,,Operational
"Modèle de définition du produit 4.62 Valeurs moyennes, cumulées et/ou extrêmes, ou autres valeurs statistiques, pour une surface ou une couche horizontale, durant un intervalle de temps continu ou non, relatives à la dynamique spatio temporelle de mosaïques pour une surface ou une couche horizontale, à un moment donné",23,,Limite (minutes) de tombée des données d'observation après l'heure de référence,,,,,Operational
"Modèle de définition du produit 4.62 Valeurs moyennes, cumulées et/ou extrêmes, ou autres valeurs statistiques, pour une surface ou une couche horizontale, durant un intervalle de temps continu ou non, relatives à la dynamique spatio temporelle de mosaïques pour une surface ou une couche horizontale, à un moment donné",24,,Indicateur d'unité de l'intervalle de temps,(voir la table de code 4.4),,,,Operational
"Modèle de définition du produit 4.62 Valeurs moyennes, cumulées et/ou extrêmes, ou autres valeurs statistiques, pour une surface ou une couche horizontale, durant un intervalle de temps continu ou non, relatives à la dynamique spatio temporelle de mosaïques pour une surface ou une couche horizontale, à un moment donné",25-28,,Heure de la prévision exprimée dans l'unité précisée par l'octet 24,(voir la note 4),,,,Operational
(Modèle de définition du produit 4.62 suite),29,,Type de la première surface spécifiée,(voir la table de code 4.5),,,,Operational
(Modèle de définition du produit 4.62 suite),30,,Facteur d'échelle - première surface spécifiée,,,,,Operational
(Modèle de définition du produit 4.62 suite),31-34,,Valeur ajustée - première surface spécifiée,,,,,Operational
(Modèle de définition du produit 4.62 suite),35,,Type de la deuxième surface spécifiée,(voir la table de code 4.5),,,,Operational
(Modèle de définition du produit 4.62 suite),36,,Facteur d'échelle - deuxième surface spécifiée,,,,,Operational
(Modèle de définition du produit 4.62 suite),37-40,,Valeur ajustée - deuxième surface spécifiée,,,,,Operational
(Modèle de définition du produit 4.62 suite),41-42,,Année,,,,,Operational
(Modèle de définition du produit 4.62 suite),43,,Mois,,,,,Operational
(Modèle de définition du produit 4.62 suite),44,,Jour,,,,,Operational
(Modèle de définition du produit 4.62 suite),45,,Heure,,,,,Operational
(Modèle de définition du produit 4.62 suite),46,,Minute,,,,,Operational
(Modèle de définition du produit 4.62 suite),47,,Seconde,,,,,Operational
(Modèle de définition du produit 4.62 suite),48,,n - nombre des spécifications décrivant les intervalles de temps sur lesquels porte le calcul statistique du champ,,,,,Operational
(Modèle de définition du produit 4.62 suite),49-52,,Nombre total de valeurs manquantes dans le calcul statistique,,,,,Operational
(Modèle de définition du produit 4.62 suite),53-64,,Spécification de l'intervalle de temps le plus éloigné (ou intervalle de temps unique) sur lequel porte le calcul statistique,,,,,Operational
(Modèle de définition du produit 4.62 suite),53,,Calcul statistique ayant permis d'obtenir le champ élaboré à partir du champ à chaque incrément de temps durant l'intervalle de temps,(voir la table de code 4.10),,,,Operational
(Modèle de définition du produit 4.62 suite),54,,Type d'incrément de temps entre les champs successifs employé pour le calcul statistique,(voir la table de code 4.11),,,,Operational
(Modèle de définition du produit 4.62 suite),55,,Indicateur de l'unité de temps employée pour l'intervalle de temps sur lequel porte le calcul statistique,(voir la table de code 4.4),,,,Operational
(Modèle de définition du produit 4.62 suite),56-59,,"Durée de l'intervalle de temps sur lequel porte le calcul statistique, exprimée dans l'unité indiquée par l'octet précédent",,,,,Operational
(Modèle de définition du produit 4.62 suite),60,,Indicateur de l'unité de temps employée pour l'incrément de temps entre les champs successifs,(voir la table de code 4.4),,,,Operational
(Modèle de définition du produit 4.62 suite),61-64,,"Incrément de temps entre les champs successifs, exprimé dans l'unité indiquée par l'octet précédent",(voir les notes 5 et 6),,,,Operational
(Modèle de définition du produit 4.62 suite),65-nn,,"Ces octets figurent dans le message uniquement si n>1, nn = 52 + 12 x n",,,,,Operational
(Modèle de définition du produit 4.62 suite),65-76,,"Même contenu que les octets 53 à 64, pour l'étape suivante du calcul",,,,,Operational
(Modèle de définition du produit 4.62 suite),77-nn,,"Spécifications des intervalles de temps supplémentaires, incluses en fonction de la valeur de n. Le contenu est le même que celui des octets 53 à 64, répétés au besoin",,,,,Operational
